# entry,name,subclass,displayid,inventory_type,item_level,required_level,dmg_min,dmg_max,dmg_type,delay,quality
25,Worn Shortsword,7,1542,21,2,1,1.0,3.0,0,1900,1
35,Bent Staff,10,472,17,2,1,3.0,5.0,0,2900,1
36,Worn Mace,4,5194,21,2,1,1.0,3.0,0,1900,1
37,Worn Axe,0,14029,21,2,1,1.0,3.0,0,2000,1
192,Martin's Broken Staff,14,5279,21,75,0,8.0,17.0,0,500,0
727,Notched Shortsword,7,26577,13,10,5,8.0,15.0,0,2100,2
766,Flanged Mace,4,19621,21,7,2,4.0,8.0,0,2000,1
767,Long Bo Staff,10,20443,17,8,3,8.0,13.0,0,2500,1
768,Lumberjack Axe,0,5012,21,9,4,7.0,13.0,0,2600,1
778,Kobold Excavation Pick,0,6259,21,7,2,4.0,9.0,0,2400,1
781,Stone Gnoll Hammer,4,19644,21,9,4,5.0,11.0,0,2100,1
789,Stout Battlehammer,4,19699,21,22,17,17.0,33.0,0,2300,2
790,Forester's Axe,0,19401,21,23,18,20.0,38.0,0,2500,2
816,Small Hand Blade,15,6472,13,11,6,6.0,12.0,0,1500,2
820,Slicer Blade,15,6470,13,17,12,9.0,17.0,0,1500,2
826,Brutish Riverpaw Axe,0,19271,13,15,10,15.0,29.0,0,2800,2
827,Wicked Blackjack,4,3498,13,17,12,14.0,26.0,0,2300,2
851,Cutlass,7,22077,13,15,10,10.0,20.0,0,2200,1
852,Mace,4,8287,13,14,9,8.0,16.0,0,1900,1
853,Hatchet,0,22102,13,16,11,12.0,24.0,0,2500,1
854,Quarter Staff,10,22147,17,16,11,20.0,31.0,0,2700,1
872,Rockslicer,1,19242,17,21,16,48.0,73.0,0,3300,3
880,Staff of Horrors,10,20382,17,23,18,41.0,62.0,0,3400,2
885,Black Metal Axe,0,8494,13,24,19,18.0,34.0,0,2100,2
890,Twisted Chanter's Staff,10,20386,17,24,19,55.0,84.0,0,3400,3
899,Venom Web Fang,15,6459,13,19,14,10.0,19.0,0,1500,2
911,Ironwood Treebranch,5,28628,17,25,20,45.0,69.0,0,3400,2
920,Wicked Spiked Mace,4,19703,13,25,20,22.0,42.0,0,2500,2
925,Flail,4,4351,21,25,20,18.0,34.0,0,2200,1
926,Battle Axe,1,22108,17,25,20,46.0,70.0,0,3800,1
927,Double Axe,0,22106,13,24,19,19.0,36.0,0,2500,1
928,Long Staff,10,22151,17,25,20,36.0,55.0,0,3000,1
935,Night Watch Shortsword,7,8274,13,20,15,24.0,46.0,0,2600,3
945,Shadow Sword,7,859,21,1,1,1.0,2.0,5,2000,1
948,Nature Sword,7,859,21,1,1,1.0,2.0,3,2000,1
997,Fire Sword of Crippling,7,859,21,1,1,1.0,2.0,2,2000,1
1008,Well-used Sword,7,1550,21,10,0,6.0,12.0,0,2100,1
1009,Compact Hammer,4,8583,21,13,0,11.0,21.0,0,2300,2
1010,Gnarled Short Staff,10,20440,17,8,0,9.0,15.0,0,2800,1
1011,Sharp Axe,0,19273,21,8,0,6.0,11.0,0,2600,1
1158,Solid Metal Club,4,19643,21,10,0,8.0,16.0,0,2700,1
1159,Militia Quarterstaff,10,4994,17,5,0,6.0,9.0,0,2800,1
1161,Militia Shortsword,7,1544,21,5,0,3.0,7.0,0,2500,1
1194,Bastard Sword,8,22093,17,4,1,5.0,8.0,0,3000,1
1195,Kobold Mining Shovel,5,7495,17,6,3,6.0,10.0,0,2700,1
1196,Tabar,1,22114,17,14,9,21.0,32.0,0,3200,1
1197,Giant Mace,5,5226,17,15,10,25.0,38.0,0,3500,1
1198,Claymore,8,22095,17,15,10,23.0,35.0,0,3200,1
1214,Gnoll Punisher,4,19625,13,17,12,14.0,27.0,0,2400,2
1218,Heavy Gnoll War Club,5,5527,17,21,16,40.0,61.0,0,3700,2
1219,Redridge Machete,7,20122,13,16,11,13.0,25.0,0,2300,2
1220,Lupine Axe,1,19232,17,20,15,24.0,36.0,0,2300,2
1264,Headbasher,5,5530,17,26,0,32.0,49.0,0,2300,2
1287,Giant Tarantula Fang,15,6447,13,15,10,7.0,14.0,0,1400,2
1292,Butcher's Cleaver,0,8466,13,25,20,23.0,32.0,0,1700,3
1296,Blackrock Mace,4,5195,13,21,16,18.0,35.0,0,2500,2
1300,Lesser Staff of the Spire,10,20391,17,20,15,35.0,54.0,0,3400,2
1317,Hardened Root Staff,10,20377,17,25,0,44.0,67.0,0,3300,2
1318,Night Reaver,1,19290,17,23,18,52.0,78.0,0,3300,3
1382,Rock Mace,4,19636,21,5,0,2.0,5.0,0,1900,1
1383,Stone Tomahawk,0,8495,21,5,0,3.0,6.0,0,2100,1
1384,Dull Blade,7,1546,21,3,1,1.0,3.0,0,1900,1
1387,Ghoulfang,8,20087,17,19,14,36.0,54.0,0,3600,2
1388,Crooked Staff,10,20450,17,3,1,4.0,7.0,0,3300,1
1389,Kobold Mining Mallet,4,8575,21,7,2,4.0,9.0,0,2300,1
1391,Riverpaw Mystic Staff,10,20410,17,18,13,28.0,43.0,0,3000,2
1394,Driftwood Club,4,5203,13,15,10,9.0,17.0,0,1700,2
1405,Foamspittle Staff,10,5540,17,17,12,29.0,44.0,0,3200,2
1406,Pearl-encrusted Spear,6,5638,17,21,20,35.0,53.0,0,3200,2
1411,Withered Staff,10,20442,17,8,3,8.0,12.0,0,3000,0
1412,Crude Bastard Sword,8,20074,17,7,2,7.0,12.0,0,3200,0
1413,Feeble Sword,7,1547,21,8,3,3.0,7.0,0,2000,0
1414,Cracked Sledge,5,19525,17,9,4,10.0,15.0,0,3300,0
1415,Carpenter's Mallet,4,19613,21,9,4,3.0,7.0,0,1700,0
1416,Rusty Hatchet,0,8495,21,9,4,4.0,8.0,0,2100,0
1417,Beaten Battle Axe,1,8501,17,8,3,8.0,13.0,0,3100,0
1440,Gnoll Skull Basher,4,8570,13,19,14,18.0,34.0,0,2700,2
1455,Blackrock Champion's Axe,1,22214,17,24,19,41.0,62.0,0,3200,2
1457,Shadowhide Mace,4,19683,13,22,17,17.0,32.0,0,2200,2
1458,Shadowhide Maul,5,8601,17,23,18,36.0,55.0,0,3000,2
1459,Shadowhide Scalper,0,19136,13,24,19,25.0,47.0,0,2900,2
1460,Shadowhide Two-handed Sword,8,20109,17,20,15,30.0,46.0,0,2900,2
1461,Slayer's Battle Axe,1,19375,17,25,20,39.0,59.0,0,2900,2
1469,Scimitar of Atun,7,20154,13,19,14,17.0,33.0,0,2600,2
1473,Riverside Staff,10,20402,17,19,14,31.0,47.0,0,3100,2
1480,Fist of the People's Militia,4,9381,13,17,0,9.0,18.0,0,1600,2
1481,Grimclaw,0,25595,13,25,20,22.0,42.0,0,2000,3
1482,Shadowfang,7,20089,13,24,19,29.0,55.0,0,2700,3
1483,Face Smasher,4,9117,13,21,16,25.0,48.0,0,2600,3
1484,Witching Stave,10,9122,17,22,17,55.0,83.0,0,3600,3
1485,Pitchfork,6,7464,17,25,20,29.0,45.0,0,3700,0
1510,Heavy Hammer,4,19775,21,12,7,6.0,12.0,0,2400,0
1511,Commoner's Sword,7,20173,21,13,8,6.0,12.0,0,2300,0
1512,Crude Battle Axe,1,19226,17,12,7,12.0,18.0,0,3000,0
1513,Old Greatsword,8,20092,17,14,9,16.0,25.0,0,3600,0
1514,Rusty Warhammer,5,19533,17,14,9,13.0,21.0,0,3000,0
1515,Rough Wooden Staff,10,20421,17,12,7,13.0,20.0,0,3300,0
1516,Worn Hatchet,0,8498,21,14,9,6.0,12.0,0,2100,0
1539,Gnarled Hermit's Staff,10,20395,17,19,14,28.0,42.0,0,2800,2
1566,Edge of the People's Militia,8,20078,17,17,0,26.0,39.0,0,2900,2
1811,Blunt Claymore,8,20037,17,17,12,16.0,25.0,0,3100,0
1812,Short-handled Battle Axe,1,19245,17,17,12,16.0,25.0,0,3100,0
1813,Chipped Quarterstaff,10,20413,17,18,13,17.0,27.0,0,3100,0
1814,Battered Mallet,5,19534,17,19,14,17.0,26.0,0,2900,0
1815,Ornamental Mace,4,5217,21,17,12,10.0,19.0,0,2800,0
1816,Unbalanced Axe,0,8495,21,19,14,9.0,18.0,0,2400,0
1817,Stock Shortsword,7,20164,21,19,14,7.0,14.0,0,1800,0
1818,Standard Claymore,8,20183,17,24,19,23.0,35.0,0,3000,0
1819,Gouging Pick,0,14039,21,22,17,8.0,16.0,0,1800,0
1820,Wooden Maul,5,19535,17,22,17,20.0,30.0,0,2900,0
1821,Warped Blade,7,5151,21,24,19,8.0,15.0,0,1600,0
1822,Cedar Walking Stick,10,20385,17,23,18,20.0,31.0,0,2800,0
1823,Bludgeoning Cudgel,4,6794,21,22,17,8.0,16.0,0,1800,0
1824,Shiny War Axe,1,19292,17,23,18,17.0,26.0,0,2400,0
1893,Miner's Revenge,1,19234,17,20,0,36.0,55.0,0,3500,2
1913,Studded Blackjack,4,5009,21,10,5,5.0,10.0,0,1800,1
1917,Jeweled Dagger,15,20435,13,10,5,6.0,11.0,0,1600,2
1925,Defias Rapier,7,20114,13,16,11,9.0,17.0,0,1600,2
1926,Weighted Sap,4,5218,13,15,10,12.0,22.0,0,2200,2
1927,Deadmines Cleaver,0,19276,13,15,10,14.0,27.0,0,2600,2
1928,Defias Mage Staff,10,20415,17,16,11,24.0,36.0,0,2800,2
1933,Staff of Conjuring,10,20418,17,15,10,24.0,37.0,0,3000,2
1935,Assassin's Blade,15,20471,13,24,19,20.0,39.0,0,1900,3
1936,Goblin Screwdriver,15,20399,13,18,13,8.0,17.0,0,1400,2
1937,Buzz Saw,7,5040,13,21,16,23.0,44.0,0,2400,3
1938,Block Mallet,4,8565,13,22,17,14.0,26.0,0,1800,2
1951,Blackwater Cutlass,7,8279,13,19,14,12.0,24.0,0,1900,2
1958,Petrified Shinbone,4,1759,13,17,12,12.0,23.0,0,2000,2
1959,Cold Iron Pick,1,14038,17,17,12,27.0,41.0,0,3000,2
2000,Archeus,8,20251,17,35,0,63.0,95.0,0,3300,2
2020,Hollowfang Blade,15,20492,13,18,13,8.0,17.0,0,1400,2
2024,Espadon,8,22096,17,21,16,29.0,44.0,0,2900,1
2025,Bearded Axe,1,22115,17,20,15,31.0,47.0,0,3300,1
2026,Rock Hammer,5,8593,17,21,16,37.0,56.0,0,3700,1
2027,Scimitar,7,22079,13,19,14,14.0,26.0,0,2300,1
2028,Hammer,4,22119,13,21,16,16.0,30.0,0,2400,1
2029,Cleaver,0,19281,13,20,15,14.0,26.0,0,2200,1
2030,Gnarled Staff,10,22146,17,20,15,27.0,42.0,0,2900,1
2035,Sword of the Night Sky,7,5161,13,24,19,14.0,27.0,0,1700,2
2042,Staff of Westfall,10,20379,17,24,0,49.0,74.0,0,3000,3
2044,Crescent of Forlorn Spirits,0,19220,13,35,0,25.0,48.0,0,1600,3
2046,Bluegill Kukri,7,22226,13,24,19,24.0,45.0,0,2800,2
2047,Anvilmar Hand Axe,0,8473,21,5,0,2.0,5.0,0,2000,1
2048,Anvilmar Hammer,4,19770,21,5,0,3.0,6.0,0,2100,1
2054,Trogg Hand Axe,0,19299,21,4,1,2.0,4.0,0,2000,1
2055,Small Wooden Hammer,4,8579,21,4,1,2.0,4.0,0,1900,1
2056,The Velvet Hammer,4,1758,21,10,5,4.0,9.0,0,2000,0
2057,Pitted Defias Shortsword,7,20175,21,4,1,2.0,4.0,0,2000,1
2064,Trogg Club,4,19650,21,11,6,6.0,13.0,0,2000,1
2065,Rockjaw Blade,7,20212,21,9,4,5.0,11.0,0,2100,1
2066,Skull Hatchet,0,19203,21,8,3,4.0,9.0,0,2000,1
2067,Frostbit Staff,10,20431,17,10,5,12.0,19.0,0,2700,1
2073,Dwarven Hatchet,0,19134,21,15,10,10.0,20.0,0,2000,2
2074,Solid Shortblade,7,20168,13,18,0,16.0,30.0,0,2500,2
2075,Priest's Mace,4,5218,21,12,7,9.0,17.0,0,2000,2
2078,Northern Shortsword,7,20157,13,18,13,14.0,26.0,0,2200,2
2079,Sergeant's Warhammer,4,19637,13,17,12,12.0,24.0,0,2100,2
2088,Long Crawler Limb,15,6455,13,15,10,8.0,16.0,0,1600,2
2089,Scrimshaw Dagger,15,20407,13,18,0,11.0,21.0,0,1800,2
2092,Worn Dagger,15,6442,13,2,1,1.0,2.0,0,1600,1
2128,Scratched Claymore,8,2380,17,4,1,4.0,6.0,0,2800,1
2130,Club,4,22118,13,3,1,1.0,3.0,0,1900,1
2131,Shortsword,7,22075,13,3,1,2.0,4.0,0,2600,1
2132,Short Staff,10,22149,17,4,1,5.0,8.0,0,3200,1
2134,Hand Axe,0,22101,13,4,1,2.0,4.0,0,2000,1
2137,Whittling Knife,15,6437,13,5,0,2.0,4.0,0,1500,1
2138,Sharpened Letter Opener,15,6460,13,7,2,2.0,5.0,0,1700,0
2139,Dirk,15,22135,13,3,1,1.0,3.0,0,1600,1
2140,Carving Knife,15,6440,13,11,6,6.0,13.0,0,1600,2
2169,Buzzer Blade,15,20347,13,21,16,14.0,28.0,0,1500,3
2175,Shadowhide Battle Axe,1,8534,17,23,18,39.0,59.0,0,3200,2
2194,Diamond Hammer,4,8567,13,25,20,28.0,53.0,0,2500,3
2195,Anvilmar Knife,15,6432,13,5,0,2.0,4.0,0,1600,1
2203,Brashclaw's Chopper,1,8506,17,19,14,34.0,51.0,0,3400,2
2204,Brashclaw's Skewer,8,20038,17,17,12,29.0,44.0,0,3200,2
2205,Duskbringer,8,20153,17,25,20,57.0,86.0,0,3400,3
2207,Jambiya,15,22137,13,16,11,7.0,13.0,0,1400,1
2208,Poniard,15,22142,13,19,14,7.0,15.0,0,1300,1
2209,Kris,15,22139,13,24,19,12.0,23.0,0,1600,1
2218,Craftsman's Dagger,15,20451,13,13,0,8.0,15.0,0,1700,2
2224,Militia Dagger,15,6432,13,5,0,2.0,4.0,0,1500,1
2225,Sharp Kitchen Knife,15,20470,13,11,0,5.0,10.0,0,1500,1
2235,Brackclaw,15,20598,13,19,14,9.0,18.0,0,1400,2
2236,Blackfang,15,20345,13,25,20,17.0,32.0,0,1500,3
2254,Icepane Warhammer,5,19612,17,12,7,22.0,34.0,0,3300,2
2256,Skeletal Club,4,5221,13,24,19,28.0,53.0,0,2600,3
2257,Frostmane Staff,10,20429,17,10,5,14.0,21.0,0,3100,1
2258,Frostmane Shortsword,7,4260,21,8,3,4.0,9.0,0,2000,1
2259,Frostmane Club,4,19623,21,8,3,4.0,9.0,0,2000,1
2260,Frostmane Hand Axe,0,8470,21,9,4,5.0,10.0,0,2000,1
2263,Phytoblade,7,5170,13,25,0,25.0,47.0,0,2800,2
2265,Stonesplinter Axe,0,19297,13,13,8,10.0,20.0,0,2200,2
2266,Stonesplinter Dagger,15,20427,13,13,8,7.0,14.0,0,1500,2
2267,Stonesplinter Mace,4,5208,13,15,10,10.0,20.0,0,2000,2
2268,Stonesplinter Blade,7,20213,21,10,5,6.0,12.0,0,2000,1
2271,Staff of the Blessed Seer,10,20346,17,23,18,47.0,71.0,0,3000,3
2281,Rodentia Flint Axe,0,19297,13,11,6,8.0,16.0,0,2000,2
2282,Rodentia Shortsword,7,20211,21,10,5,7.0,13.0,0,2300,1
2361,Battleworn Hammer,5,8690,17,2,1,3.0,5.0,0,2900,1
2479,Broad Axe,1,8512,17,4,1,5.0,8.0,0,3100,1
2480,Large Club,5,19601,17,3,1,4.0,6.0,0,3200,1
2482,Inferior Tomahawk,0,8488,13,3,1,1.0,3.0,0,2100,1
2483,Rough Broad Axe,1,19243,17,3,1,3.0,5.0,0,2800,1
2484,Small Knife,15,6442,13,4,1,1.0,3.0,0,1400,1
2485,Splintered Board,4,5219,21,3,1,1.0,4.0,0,2000,1
2486,Large Stone Mace,5,19627,17,3,1,3.0,6.0,0,3200,1
2488,Gladius,7,22078,13,9,4,5.0,11.0,0,2100,1
2489,Two-handed Sword,8,22094,17,7,2,8.0,13.0,0,2900,1
2490,Tomahawk,0,8488,13,9,4,4.0,9.0,0,1700,1
2491,Large Axe,1,22112,17,8,3,9.0,15.0,0,2800,1
2492,Cudgel,4,12992,13,7,2,3.0,7.0,0,1800,1
2493,Wooden Mallet,5,22121,17,9,4,10.0,16.0,0,2600,1
2494,Stiletto,15,22136,13,8,3,3.0,7.0,0,1500,1
2495,Walking Stick,10,7310,17,8,3,8.0,13.0,0,2500,1
2497,Rusted Claymore,8,2399,17,9,4,10.0,16.0,0,3100,1
2498,Small Tomahawk,0,19299,13,8,3,4.0,8.0,0,1800,1
2499,Double-bladed Axe,1,8511,17,9,4,12.0,19.0,0,3200,1
2500,Light Hammer,4,19626,21,7,2,3.0,6.0,0,1700,1
2501,Wooden Warhammer,5,19614,17,9,4,12.0,18.0,0,3000,1
2502,Scuffed Dagger,15,6444,13,7,2,3.0,6.0,0,1500,1
2503,Adept Short Staff,10,20436,17,8,3,8.0,13.0,0,2400,1
2504,Worn Shortbow,2,8106,15,2,1,5.0,10.0,0,2300,1
2505,Polished Shortbow,2,20723,15,4,1,5.0,10.0,0,2000,1
2506,Hornwood Recurve Bow,2,20722,15,8,3,6.0,13.0,0,2100,1
2507,Laminated Recurve Bow,2,20714,15,16,11,15.0,29.0,0,2600,1
2508,Old Blunderbuss,3,6606,26,2,1,5.0,10.0,0,2300,1
2509,Ornate Blunderbuss,3,6607,26,9,4,7.0,15.0,0,2200,1
2510,Solid Blunderbuss,3,6594,26,3,1,5.0,10.0,0,2200,1
2511,Hunter's Boomstick,3,20728,26,14,9,11.0,21.0,0,2100,1
2567,Evocator's Blade,15,20590,13,23,18,17.0,32.0,0,1600,3
2632,Curved Dagger,15,20473,13,14,9,8.0,15.0,0,1600,2
2754,Tarnished Bastard Sword,8,20117,17,3,1,4.0,6.0,0,3200,1
2763,Fisherman Knife,15,6437,13,14,9,4.0,8.0,0,1400,0
2764,Small Dagger,15,6444,13,18,13,5.0,10.0,0,1400,0
2765,Hunting Knife,15,20383,13,23,18,8.0,16.0,0,1700,0
2773,Cracked Shortbow,2,2786,15,8,3,6.0,12.0,0,2300,0
2774,Rust-covered Blunderbuss,3,20654,26,7,2,6.0,12.0,0,2400,0
2777,Feeble Shortbow,2,2787,15,13,8,7.0,13.0,0,1800,0
2778,Cheap Blunderbuss,3,20654,26,13,8,8.0,16.0,0,2200,0
2780,Light Hunting Bow,2,20712,15,19,14,9.0,17.0,0,1700,0
2781,Dirty Blunderbuss,3,20979,26,18,13,11.0,21.0,0,2200,0
2782,Mishandled Recurve Bow,2,20671,15,24,19,15.0,29.0,0,2400,0
2783,Shoddy Blunderbuss,3,20717,26,22,17,12.0,23.0,0,2100,0
2787,Trogg Dagger,15,20534,13,3,1,1.0,2.0,0,1500,1
2807,Guillotine Axe,0,9118,13,23,18,28.0,53.0,0,2700,3
2808,Torch of Holy Flame,14,3947,13,29,19,26.0,40.0,0,2900,1
2821,Mo'grosh Masher,4,19633,13,18,13,16.0,30.0,0,2500,2
2822,Mo'grosh Toothpick,8,20091,17,18,13,26.0,40.0,0,2800,2
2823,Mo'grosh Can Opener,1,19236,17,19,14,32.0,48.0,0,3200,2
2844,Copper Mace,4,2861,21,9,4,6.0,11.0,0,2200,1
2845,Copper Axe,0,14035,21,9,4,5.0,10.0,0,1900,1
2847,Copper Shortsword,7,4805,21,9,4,5.0,11.0,0,2100,1
2848,Bronze Mace,4,5198,21,22,17,20.0,38.0,0,2600,2
2849,Bronze Axe,0,19929,21,23,18,17.0,32.0,0,2100,2
2850,Bronze Shortsword,7,3855,21,24,19,18.0,34.0,0,2100,2
2901,Mining Pick,14,6568,21,4,1,2.0,4.0,0,2000,1
2903,Daryl's Hunting Bow,2,8107,15,15,0,14.0,26.0,0,2300,2
2904,Daryl's Hunting Rifle,3,20732,26,16,0,16.0,30.0,0,2500,2
2907,Dwarven Tree Chopper,1,19227,17,20,0,34.0,52.0,0,3300,2
2908,Thornblade,15,20605,13,20,0,11.0,21.0,0,1600,2
2950,Icicle Rod,10,20378,17,25,0,51.0,77.0,0,3800,2
3021,Ranger Bow,2,20673,15,25,20,30.0,57.0,0,2700,3
3023,Large Bore Blunderbuss,3,20727,26,21,16,18.0,35.0,0,2500,1
3026,Reinforced Bow,2,20675,15,21,16,16.0,31.0,0,2200,1
3027,Heavy Recurve Bow,2,20670,15,25,20,21.0,40.0,0,2400,1
3036,Heavy Shortbow,2,5392,15,15,10,15.0,29.0,0,2500,2
3039,Short Ash Bow,2,20672,15,23,18,16.0,31.0,0,1900,2
3040,Hunter's Muzzle Loader,3,20740,26,19,14,13.0,25.0,0,1800,2
3071,Striking Hatchet,0,19209,21,12,0,6.0,12.0,0,1700,1
3079,Skorn's Rifle,3,20738,26,12,0,9.0,18.0,0,1900,2
3103,Coldridge Hammer,5,8588,17,12,0,18.0,27.0,0,2700,2
3154,Thelsamar Axe,0,18340,13,18,0,13.0,25.0,0,2100,2
3184,Hook Dagger,15,20396,13,20,15,10.0,20.0,0,1500,2
3188,Coral Claymore,8,20072,17,15,10,22.0,34.0,0,2800,2
3189,Wood Chopper,1,8525,17,8,3,11.0,17.0,0,3300,1
3190,Beatstick,5,6799,17,8,3,9.0,14.0,0,2600,1
3191,Arced War Axe,1,11165,17,26,20,57.0,86.0,0,3300,3
3192,Short Bastard Sword,8,26590,17,12,7,20.0,30.0,0,3000,2
3193,Oak Mallet,5,19545,17,21,16,38.0,58.0,0,3500,2
3194,Black Malice,5,19622,17,21,16,48.0,73.0,0,3300,3
3195,Barbaric Battle Axe,1,8499,17,18,13,34.0,52.0,0,3600,2
3196,Edged Bastard Sword,8,26585,17,18,13,29.0,44.0,0,3100,2
3198,Battering Hammer,5,8585,17,23,18,37.0,57.0,0,3100,2
3199,Battle Slayer,1,19372,17,22,17,38.0,58.0,0,3300,2
3209,Ancient War Sword,8,20250,17,32,0,57.0,86.0,0,3300,2
3222,Wicked Dagger,15,20607,13,19,14,9.0,17.0,0,1600,2
3223,Frostmane Scepter,4,19624,13,11,6,9.0,17.0,0,2200,2
3225,Bloodstained Knife,15,6437,13,9,4,4.0,8.0,0,1600,1
3227,Nightbane Staff,10,20381,17,23,18,32.0,49.0,0,2700,2
3262,Putrid Wooden Hammer,4,21052,21,3,1,1.0,3.0,0,2000,1
3267,Forsaken Shortsword,7,20176,21,5,0,3.0,6.0,0,2100,1
3268,Forsaken Dagger,15,6432,13,5,0,2.0,4.0,0,1600,1
3269,Forsaken Maul,4,19772,21,5,0,2.0,5.0,0,1900,1
3277,Executor Staff,10,20444,17,5,0,6.0,9.0,0,2900,1
3293,Deadman Cleaver,0,19281,21,3,1,1.0,4.0,0,2200,1
3294,Deadman Club,4,5203,21,3,1,1.0,3.0,0,1800,1
3295,Deadman Blade,7,3434,21,3,1,2.0,4.0,0,2500,1
3296,Deadman Dagger,15,6442,13,3,1,1.0,2.0,0,1400,1
3319,Short Sabre,7,5007,21,9,4,5.0,10.0,0,1900,1
3325,Vile Fin Battle Axe,1,19252,17,9,4,12.0,19.0,0,3100,1
3327,Vile Fin Oracle Staff,10,20434,17,9,4,11.0,18.0,0,2900,1
3329,Spiked Wooden Plank,4,5204,21,11,6,6.0,12.0,0,1900,1
3334,Farmer's Shovel,5,7495,17,7,2,11.0,17.0,0,3700,1
3335,Farmer's Broom,10,3509,17,6,3,9.0,14.0,0,3500,1
3400,Lucine Longsword,7,20110,13,25,0,22.0,42.0,0,2500,2
3413,Doomspike,15,20589,13,25,20,17.0,32.0,0,1500,3
3415,Staff of the Friar,10,20339,17,24,19,42.0,64.0,0,2600,3
3440,Bonecracker,5,6806,17,13,0,23.0,35.0,0,3200,2
3443,Ceremonial Tomahawk,0,8495,21,10,0,5.0,10.0,0,1700,1
3445,Ceremonial Knife,15,20599,13,12,0,5.0,10.0,0,1400,1
3446,Darkwood Staff,10,20419,17,13,0,23.0,35.0,0,3200,2
3452,Ceranium Rod,10,5120,17,22,0,31.0,47.0,0,2700,2
3455,Deathstalker Shortsword,7,20015,13,11,0,7.0,14.0,0,2100,1
3462,Talonstrike,7,28607,13,24,0,13.0,26.0,0,1600,2
3487,Heavy Copper Broadsword,8,20196,17,19,14,27.0,41.0,0,2700,2
3488,Copper Battle Axe,1,8516,17,13,8,23.0,35.0,0,3200,2
3489,Thick War Axe,0,8496,13,17,12,15.0,28.0,0,2500,2
3490,Deadly Bronze Poniard,15,6445,13,25,20,16.0,30.0,0,1800,2
3491,Heavy Bronze Mace,4,5211,13,25,20,25.0,47.0,0,2800,2
3493,Raptor's End,2,20664,15,30,0,33.0,62.0,0,2900,2
3567,Dwarven Fishing Pole,3,6601,26,19,0,14.0,26.0,0,1900,2
3570,Bonegrinding Pestle,4,8100,13,16,0,13.0,26.0,0,2400,2
3571,Trogg Beater,5,19546,17,21,16,39.0,60.0,0,3600,2
3572,Daryl's Shortsword,7,5151,13,17,0,14.0,26.0,0,2300,2
3581,Serrated Knife,15,20414,13,18,0,10.0,19.0,0,1600,2
3586,Logsplitter,1,19231,17,16,0,31.0,47.0,0,3600,2
3661,Handcrafted Staff,10,18530,17,2,1,3.0,5.0,0,2900,1
3740,Decapitating Sword,7,22226,21,24,19,22.0,42.0,0,2600,2
3742,Bow of Plunder,2,20667,15,28,0,28.0,52.0,0,2600,2
3755,Fish Gutter,0,19228,13,32,0,24.0,46.0,0,2100,2
3822,Runic Darkblade,8,20180,17,32,0,57.0,86.0,0,3300,2
3848,Big Bronze Knife,15,6434,13,20,15,13.0,25.0,0,1900,2
3902,Staff of Nobles,10,20412,17,18,13,30.0,46.0,0,3200,2
3935,Smotts' Cutlass,7,7311,13,25,20,15.0,29.0,0,1900,1
4086,Flash Rifle,3,20736,26,37,0,25.0,48.0,0,1800,2
4110,Master Hunter's Bow,2,20555,15,45,0,35.0,65.0,0,2400,2
4111,Master Hunter's Rifle,3,8095,26,45,0,37.0,70.0,0,2600,2
4116,Olmann Sewar,7,20223,13,41,0,43.0,81.0,0,2700,2
4122,Bookmaker's Scepter,4,3498,13,37,0,31.0,59.0,0,2300,2
4126,Guerrilla Cleaver,0,19217,13,34,0,34.0,65.0,0,2800,2
4127,Shrapnel Blaster,3,20662,26,40,0,30.0,57.0,0,1900,2
4128,Silver Spade,5,18269,17,41,0,89.0,134.0,0,3700,2
4134,Nimboya's Mystical Staff,10,20294,17,46,0,74.0,112.0,0,2300,3
4302,Small Green Dagger,15,3006,13,10,5,4.0,9.0,0,1500,1
4303,Cranial Thumper,4,19615,13,12,7,12.0,24.0,0,2800,2
4362,Rough Boomstick,3,6600,26,10,5,10.0,19.0,0,2300,2
4369,Deadly Blunderbuss,3,20743,26,21,16,21.0,39.0,0,2600,2
4372,Lovingly Crafted Boomstick,3,6594,26,24,19,16.0,31.0,0,1800,2
4437,Channeler's Staff,10,20390,17,20,15,35.0,54.0,0,3400,2
4439,Bruiser Club,4,6795,13,22,17,17.0,32.0,0,2200,2
4445,Flesh Carver,0,19398,13,23,18,18.0,35.0,0,2300,2
4511,Black Water Hammer,4,19783,13,40,0,42.0,78.0,0,2700,2
4547,Gnomish Zapper,19,21016,26,40,0,29.0,56.0,6,1300,2
4548,Servomechanic Sledgehammer,5,3151,17,41,0,53.0,80.0,0,2200,2
4560,Fine Scimitar,7,4788,13,6,1,3.0,6.0,0,1900,1
4561,Scalping Tomahawk,0,19299,21,11,6,7.0,14.0,0,1800,2
4562,Severing Axe,1,8531,17,10,5,18.0,27.0,0,3200,2
4563,Billy Club,4,4609,21,9,4,6.0,11.0,0,2200,1
4564,Spiked Club,5,6813,17,13,8,22.0,34.0,0,3100,2
4565,Simple Dagger,15,6433,13,6,1,3.0,6.0,0,1800,1
4566,Sturdy Quarterstaff,10,20420,17,13,8,20.0,30.0,0,2800,2
4567,Merc Sword,8,20111,17,16,11,24.0,36.0,0,2800,2
4568,Grunt Axe,0,22478,13,21,16,17.0,32.0,0,2300,2
4569,Staunch Hammer,4,19778,21,14,9,11.0,21.0,0,2200,2
4570,Birchwood Maul,5,8586,17,15,10,26.0,40.0,0,3300,2
4571,War Knife,15,20430,13,17,12,10.0,19.0,0,1700,2
4575,Medicine Staff,10,20401,17,19,14,25.0,38.0,0,2500,2
4576,Light Bow,2,20674,15,21,16,13.0,26.0,0,1700,2
4577,Compact Shotgun,3,6592,26,13,8,11.0,21.0,0,2000,2
4616,Ryedol's Lucky Pick,14,6589,13,1,0,1.0,2.0,0,1500,1
4765,Enamelled Broadsword,7,7313,13,14,9,12.0,23.0,0,2400,2
4766,Feral Blade,7,5154,13,13,8,12.0,24.0,0,2600,2
4777,Ironwood Maul,5,19538,17,18,13,26.0,40.0,0,2800,2
4778,Heavy Spiked Mace,5,6808,17,19,14,34.0,51.0,0,3400,2
4817,Blessed Claymore,8,7319,17,22,17,29.0,44.0,0,2500,2
4818,Executioner's Sword,8,20155,17,24,19,43.0,65.0,0,3400,2
4840,Long Bayonet,15,13908,13,10,0,5.0,10.0,0,1700,1
4923,Primitive Hatchet,0,8498,21,5,0,3.0,6.0,0,2200,1
4924,Primitive Club,4,19634,21,5,0,3.0,6.0,0,2100,1
4925,Primitive Hand Blade,15,6457,13,5,0,2.0,5.0,0,1700,1
4931,Hickory Shortbow,2,7603,15,11,0,8.0,16.0,0,2000,1
4932,Harpy Wing Clipper,7,20013,21,11,0,9.0,17.0,0,2600,1
4938,Blemished Wooden Staff,10,20423,17,11,0,16.0,25.0,0,3200,1
4939,Steady Bastard Sword,8,20112,17,11,0,16.0,25.0,0,2700,2
4943,Torka's Egg Cracker [UNUSED],5,8691,17,8,0,12.0,18.0,0,3400,1
4947,Jagged Dagger,15,20603,13,11,0,6.0,12.0,0,1500,2
4948,Stinging Mace,4,5009,13,11,0,9.0,18.0,0,2300,2
4949,Orcish Cleaver,0,19214,13,21,16,13.0,25.0,0,1800,2
4961,Dreamwatcher Staff,10,20426,17,10,0,14.0,22.0,0,3200,1
4964,Goblin Smasher,5,19544,17,12,0,20.0,31.0,0,3100,2
4971,Skorn's Hammer,4,8572,13,12,0,12.0,23.0,0,2700,2
4974,Compact Fighting Knife,15,3006,13,12,0,6.0,13.0,0,1500,2
4977,Sword of Hammerfall,7,20009,13,41,0,37.0,69.0,0,2300,2
4978,Ryedol's Hammer,4,19741,13,36,0,33.0,62.0,0,2500,2
4983,Rock Pulverizer,5,19596,17,42,0,92.0,139.0,0,3700,2
4987,Dwarf Captain's Sword,7,20083,13,45,0,46.0,87.0,0,2500,2
5069,Fire Wand,19,6097,26,12,7,9.0,17.0,2,1500,2
5071,Shadow Wand,19,18356,26,14,9,10.0,19.0,5,1400,2
5092,Charred Razormane Wand,19,6101,26,23,18,16.0,31.0,2,1500,1
5093,Razormane Backstabber,15,20392,13,21,16,11.0,21.0,0,1700,1
5112,Ritual Blade,15,20491,13,15,10,7.0,14.0,0,1400,2
5182,Shiver Blade,8,8000,17,20,15,30.0,46.0,0,2900,2
5187,Rhahk'Zor's Hammer,5,8600,17,20,15,45.0,68.0,0,3200,3
5191,Cruel Barb,7,7311,13,24,19,30.0,57.0,0,2800,3
5192,Thief's Blade,7,5144,13,22,17,17.0,32.0,0,1700,3
5194,Taskmaster Axe,1,19296,17,23,18,42.0,64.0,0,2700,3
5196,Smite's Reaver,0,13913,13,22,17,19.0,36.0,0,1900,3
5197,Cookie's Tenderizer,4,20953,13,21,16,27.0,51.0,0,2800,3
5198,Cookie's Stirring Rod,19,21011,26,22,17,20.0,38.0,6,1300,3
5200,Impaling Harpoon,6,5949,17,22,20,36.0,55.0,0,2400,3
5201,Emberstone Staff,10,20340,17,23,18,47.0,71.0,0,3000,3
5207,Opaque Wand,19,20903,26,20,15,14.0,28.0,5,1400,2
5208,Smoldering Wand,19,20829,26,20,15,15.0,28.0,2,1600,1
5209,Gloom Wand,19,6099,26,21,16,18.0,34.0,5,1800,1
5210,Burning Wand,19,20787,26,25,20,17.0,32.0,2,1400,1
5211,Dusk Wand,19,20852,26,25,20,21.0,39.0,5,1700,1
5212,Blazing Wand,19,6081,26,17,12,13.0,25.0,2,1500,2
5235,Alchemist's Wand,19,6081,26,7,1,12.0,19.0,2,3300,1
5240,Torchlight Wand,19,6101,26,21,0,14.0,27.0,2,1300,2
5241,Dwarven Flamestick,19,6097,26,18,0,17.0,32.0,2,1800,2
5242,Cinder Wand,19,6093,26,16,0,11.0,22.0,2,1400,2
5243,Firebelcher,19,12601,26,20,15,24.0,45.0,2,1700,3
5244,Consecrated Wand,19,21024,26,30,0,20.0,38.0,3,1200,2
5246,Excavation Rod,19,6093,26,30,0,32.0,60.0,2,1900,2
5247,Rod of Sorrow,19,20828,26,39,0,42.0,79.0,5,1900,2
5248,Flash Wand,19,21023,26,37,0,27.0,52.0,3,1300,2
5249,Burning Sliver,19,20793,26,40,0,29.0,56.0,2,1300,2
5250,Charred Wand,19,6140,26,28,0,28.0,52.0,2,1800,2
5252,Wand of Decay,19,20825,26,21,0,16.0,31.0,5,1500,2
5253,Goblin Igniter,19,20801,26,40,0,46.0,85.0,2,2000,2
5279,Harpy Skinner,15,20411,13,20,0,9.0,18.0,0,1400,2
5306,Wind Rider Staff,10,7524,17,20,0,29.0,44.0,0,2800,2
5309,Privateer Musket,3,7531,26,20,0,17.0,33.0,0,2300,2
5318,Zhovur Axe,1,22225,17,20,0,32.0,49.0,0,3100,2
5321,Elegant Shortsword,7,20014,13,20,0,14.0,26.0,0,2000,2
5322,Demolition Hammer,5,19611,17,26,0,32.0,49.0,0,2300,2
5324,Engineer's Hammer,4,8576,13,16,0,13.0,26.0,0,2400,2
5326,Flaring Baton,19,6097,26,18,0,18.0,34.0,2,1900,2
5340,Cauldron Stirrer,10,20417,17,15,0,25.0,38.0,0,3100,2
5344,Pointed Axe,0,8485,13,14,0,9.0,18.0,0,1900,2
5345,Stonewood Hammer,5,8602,17,14,0,24.0,37.0,0,3200,2
5346,Orcish Battle Bow,2,20719,15,14,0,11.0,21.0,0,1900,2
5356,Branding Rod,19,20834,26,27,0,24.0,45.0,2,1600,2
5392,Thistlewood Dagger,15,6432,13,5,0,2.0,5.0,0,1700,1
5393,Thistlewood Staff,10,5108,17,5,0,6.0,10.0,0,3100,1
5423,Boahn's Fang,1,19221,17,20,15,35.0,53.0,0,2500,3
5426,Serpent's Kiss,0,19396,13,20,15,23.0,44.0,0,2500,3
5459,Defender Axe,0,5014,13,13,0,11.0,21.0,0,2300,2
5516,Threshadon Fang,15,8028,13,16,11,5.0,10.0,0,1500,0
5540,Pearl-handled Dagger,15,6439,13,23,18,13.0,26.0,0,1700,2
5579,Militia Warhammer,5,19544,17,5,0,6.0,9.0,0,2900,1
5580,Militia Hammer,4,19777,21,5,0,3.0,6.0,0,2300,1
5581,Smooth Walking Staff,10,20446,17,5,0,7.0,11.0,0,3300,1
5586,Thistlewood Blade,7,1547,21,5,0,3.0,6.0,0,2200,1
5587,Thornroot Club,4,19648,13,13,0,10.0,19.0,0,2100,2
5595,Thicket Hammer,5,8298,17,11,0,16.0,24.0,0,3100,1
5596,Ashwood Bow,2,20720,15,11,0,9.0,17.0,0,2100,1
5604,Elven Wand,19,28159,26,13,0,10.0,20.0,6,1600,2
5605,Pruning Knife,15,3550,13,10,0,4.0,9.0,0,1600,1
5613,Staff of the Purifier,10,20384,17,23,0,45.0,68.0,0,3700,2
5614,Seraph's Strike,8,20182,17,31,0,54.0,81.0,0,3200,2
5615,Woodsman Sword,8,20121,17,20,0,34.0,52.0,0,3300,2
5626,Skullchipper,1,19246,17,20,0,36.0,55.0,0,3500,2
5627,Relic Blade,15,20354,13,20,0,12.0,24.0,0,1800,2
5744,Pale Skinner,7,8279,13,12,7,10.0,19.0,0,2200,2
5749,Scythe Axe,1,19291,17,23,18,43.0,66.0,0,3600,2
5757,Hardwood Cudgel,4,8803,13,20,0,18.0,34.0,0,2600,2
5761,Anvilmar Sledge,5,19544,17,5,0,6.0,10.0,0,3100,1
5776,Elder's Cane,10,20449,17,5,0,7.0,11.0,0,3500,1
5777,Brave's Axe,1,8899,17,5,0,7.0,11.0,0,3300,1
5778,Primitive Walking Stick,10,5404,17,5,0,6.0,10.0,0,3100,1
5779,Forsaken Bastard Sword,8,20084,17,5,0,7.0,11.0,0,3300,1
5813,Emil's Brand,8,9055,17,32,0,53.0,81.0,0,3100,2
5815,Glacial Stone,5,9057,17,31,0,60.0,91.0,0,3600,2
5817,Lunaris Bow,2,9060,15,30,0,31.0,58.0,0,2700,2
5818,Moonbeam Wand,19,21026,26,30,0,30.0,57.0,3,1800,2
5956,Blacksmith Hammer,14,8568,21,1,1,1.0,2.0,0,2000,1
6093,Orc Crusher,5,19646,17,27,0,52.0,79.0,0,3600,2
6094,Piercing Axe,1,19390,17,18,0,31.0,47.0,0,3300,2
6186,Trogg Slicer,8,20119,17,18,0,32.0,49.0,0,3400,2
6194,Barreling Reaper,0,19404,13,32,0,22.0,41.0,0,1900,2
6205,Burrowing Shovel,5,7495,17,15,10,18.0,28.0,0,2300,2
6206,Rock Chipper,1,14040,17,15,10,25.0,38.0,0,3500,1
6214,Heavy Copper Maul,5,10642,17,16,11,24.0,36.0,0,2800,2
6215,Balanced Fighting Stick,10,10654,17,13,0,18.0,21.0,0,2200,2
6219,Arclight Spanner,14,7494,21,10,0,7.0,14.0,0,2400,1
6220,Meteor Shard,15,20536,13,29,20,23.0,43.0,0,1800,3
6256,Fishing Pole,20,20730,17,1,0,2.0,4.0,0,3000,1
6323,Baron's Scepter,4,21051,13,25,20,27.0,51.0,0,2400,3
6333,Spikelash Dagger,15,20604,13,22,17,14.0,28.0,0,1900,2
6360,Steelscale Crushfish,4,11453,13,25,20,22.0,42.0,0,2500,2
6365,Strong Fishing Pole,20,20618,17,10,5,13.0,21.0,0,3000,1
6366,Darkwood Fishing Pole,20,20731,17,20,15,28.0,43.0,0,3000,1
6448,Tail Spike,15,20349,13,22,17,18.0,34.0,0,1800,3
6469,Venomstrike,2,20652,15,24,19,26.0,50.0,0,2400,3
6472,Stinging Viper,4,24741,13,24,19,30.0,57.0,0,2800,3
6504,Wingblade,7,20116,13,24,0,24.0,45.0,0,2200,3
6505,Crescent Staff,10,12286,17,24,0,47.0,71.0,0,2900,3
6631,Living Root,10,20336,17,25,20,49.0,74.0,0,2900,3
6633,Butcher's Slicer,7,12610,13,23,18,30.0,57.0,0,2900,3
6641,Haunting Blade,8,20167,17,26,20,66.0,99.0,0,3800,3
6651,Broken Wine Bottle,4,18652,13,12,7,6.0,12.0,0,1700,1
6677,Spellcrafter Wand,19,21018,26,26,0,24.0,45.0,6,1700,2
6729,Fizzle's Zippy Lighter,19,20821,26,38,0,32.0,61.0,2,1500,2
6738,Bleeding Crescent,0,19126,13,35,0,30.0,57.0,0,2400,2
6739,Cliffrunner's Aim,2,20666,15,29,0,25.0,48.0,0,2300,2
6741,Orcish War Sword,8,20177,17,29,0,45.0,68.0,0,3100,1
6797,Eyepoker,19,21014,26,37,0,36.0,68.0,6,1700,2
6798,Blasting Hackbut,3,13060,26,37,0,40.0,75.0,0,2800,2
6802,Sword of Omen,7,20010,13,44,0,39.0,74.0,0,1900,3
6804,Windstorm Hammer,4,19707,13,34,0,36.0,65.0,0,2100,3
6806,Dancing Flame,19,13084,26,40,0,36.0,68.0,2,1400,3
6829,Sword of Serenity,7,20075,13,44,0,46.0,86.0,0,2200,3
6830,Bonebiter,1,18607,17,44,0,105.0,159.0,0,3400,3
6831,Black Menace,15,20292,13,44,0,31.0,58.0,0,1500,3
6953,Verigan's Fist,5,13466,17,31,0,65.0,99.0,0,3200,3
6966,Elunite Axe,0,19135,13,15,0,14.0,28.0,0,2700,2
6967,Elunite Sword,7,20162,13,15,0,11.0,21.0,0,2100,2
6968,Elunite Hammer,4,19771,13,15,0,12.0,23.0,0,2300,2
6969,Elunite Dagger,15,20400,13,15,0,9.0,17.0,0,1700,2
6975,Whirlwind Axe,1,22734,17,40,0,102.0,154.0,0,3600,3
6976,Whirlwind Warhammer,5,25079,17,40,0,97.0,146.0,0,3400,3
6977,Whirlwind Sword,8,22731,17,40,0,82.0,124.0,0,2900,3
6978,Umbral Axe,0,19133,13,15,0,14.0,28.0,0,2700,2
6979,Haggard's Axe,0,19274,13,15,0,14.0,28.0,0,2700,2
6980,Haggard's Dagger,15,20601,13,15,0,9.0,17.0,0,1700,2
6981,Umbral Dagger,15,20606,13,15,0,9.0,17.0,0,1700,2
6982,Umbral Mace,4,19652,13,15,0,12.0,23.0,0,2300,2
6983,Haggard's Hammer,4,19773,13,15,0,12.0,23.0,0,2300,2
6984,Umbral Sword,7,20159,13,15,0,11.0,21.0,0,2100,2
6985,Haggard's Sword,7,20163,13,15,0,11.0,21.0,0,2100,2
7001,Gravestone Scepter,19,20824,26,29,0,30.0,57.0,5,1500,3
7005,Skinning Knife,14,6440,13,4,1,1.0,3.0,0,1600,1
7094,Driftwood Branch,10,13711,17,10,5,15.0,24.0,0,3400,1
7115,Heirloom Axe,0,19204,13,15,0,14.0,28.0,0,2700,2
7116,Heirloom Dagger,15,20602,13,15,0,9.0,17.0,0,1700,2
7117,Heirloom Hammer,4,19776,13,15,0,12.0,23.0,0,2300,2
7118,Heirloom Sword,7,20161,13,15,0,11.0,21.0,0,2100,2
7166,Copper Dagger,15,13848,13,11,6,5.0,10.0,0,1500,1
7230,Smite's Mighty Hammer,5,19610,17,23,18,55.0,83.0,0,3500,3
7298,Blade of Cunning,15,20425,13,13,0,9.0,18.0,0,2000,2
7326,Thun'grim's Axe,0,19132,13,15,0,14.0,28.0,0,2700,2
7327,Thun'grim's Dagger,15,20398,13,15,0,9.0,17.0,0,1700,2
7328,Thun'grim's Mace,4,19649,13,15,0,12.0,23.0,0,2300,2
7329,Thun'grim's Sword,7,20160,13,15,0,11.0,21.0,0,2100,2
7513,Ragefire Wand,19,25078,26,40,0,36.0,68.0,2,1400,3
7514,Icefury Wand,19,25076,26,40,0,41.0,78.0,4,1600,3
7607,Sable Wand,19,20920,26,22,0,21.0,40.0,5,1800,2
7955,Copper Claymore,8,20071,17,11,6,15.0,23.0,0,3000,1
7956,Bronze Warhammer,5,16146,17,25,20,41.0,63.0,0,3100,2
8071,Sizzle Stick,19,6093,26,23,0,21.0,39.0,2,1700,2
8177,Practice Sword,8,18354,17,7,2,9.0,15.0,0,3200,1
8178,Training Sword,8,26591,17,10,5,20.0,30.0,0,3500,2
8179,Cadet's Bow,2,18343,15,6,1,5.0,11.0,0,2000,1
8180,Hunting Bow,2,18350,15,11,6,12.0,24.0,0,2600,2
8181,Hunting Rifle,3,20728,26,9,4,9.0,18.0,0,2700,1
8182,Pellet Rifle,3,20741,26,7,2,8.0,15.0,0,2600,1
9513,Ley Staff,10,18438,17,13,0,20.0,31.0,0,2900,2
9514,Arcane Staff,10,20424,17,10,0,16.0,25.0,0,2900,2
9517,Celestial Stave,10,20348,17,40,0,85.0,129.0,0,3000,3
9520,Silent Hunter,15,20574,13,41,0,29.0,54.0,0,1800,2
9521,Skullsplitter,1,19307,17,41,0,70.0,105.0,0,2900,2
9527,Spellshifter Rod,10,20300,17,46,0,77.0,116.0,0,2700,2
9602,Brushwood Blade,8,20069,17,10,0,17.0,26.0,0,3000,2
9603,Gritroot Staff,10,20432,17,10,0,14.0,22.0,0,2600,2
9604,Mechanic's Pipehammer,5,18531,17,30,0,45.0,69.0,0,2800,2
9608,Shoni's Disarming Tool,0,7494,22,31,0,21.0,40.0,0,1900,2
9626,Dwarven Charge,1,19302,17,42,0,72.0,109.0,0,2900,2
9651,Gryphon Rider's Stormhammer,4,18578,13,53,0,66.0,124.0,0,2700,3
9654,Cairnstone Sliver,19,28307,26,50,0,52.0,97.0,6,1800,2
9678,Tok'kar's Murloc Basher,5,5233,17,43,0,72.0,109.0,0,2800,2
9679,Tok'kar's Murloc Chopper,1,22223,17,43,0,83.0,125.0,0,3200,2
9680,Tok'kar's Murloc Shanker,15,20475,13,43,0,28.0,52.0,0,1600,2
9683,Strength of the Treant,10,20289,17,51,0,131.0,197.0,0,3700,3
9684,Force of the Hippogryph,0,19130,13,51,0,57.0,106.0,0,2400,3
9686,Spirit of the Faerie Dragon,4,19746,13,51,0,62.0,115.0,0,2600,3
10049,Diabolist's Blade,15,20472,13,25,0,13.0,25.0,0,1500,2
10544,Thistlewood Maul,4,19782,21,5,0,2.0,5.0,0,1900,1
10547,Camping Knife,15,6472,13,8,0,3.0,6.0,0,1400,1
10652,Will of the Mountain Giant,1,22213,17,51,0,99.0,149.0,0,2800,3
10696,Enchanted Azsharite Felbane Sword,7,22229,13,60,0,50.0,93.0,0,2000,2
10697,Enchanted Azsharite Felbane Dagger,15,20570,13,60,0,37.0,70.0,0,1500,2
10698,Enchanted Azsharite Felbane Staff,10,20275,17,60,0,104.0,157.0,0,2800,2
10703,Fiendish Skiv,15,20297,13,45,0,35.0,66.0,0,1900,2
10704,Chillnail Splinter,19,28267,26,46,0,36.0,68.0,4,1400,2
10744,Axe of the Ebon Drake,0,19130,13,51,0,40.0,75.0,0,1900,2
10750,Lifeforce Dirk,15,20569,13,54,0,40.0,75.0,0,1600,3
10823,Vanquisher's Sword,7,20086,13,44,0,46.0,86.0,0,2200,3
10826,Staff of Lore,10,20293,17,48,0,92.0,139.0,0,3100,2
11120,Belgrom's Hammer,4,28262,13,55,0,64.0,120.0,0,2800,2
11263,Nether Force Wand,19,25077,26,40,0,39.0,73.0,6,1500,3
11265,Cragwood Maul,5,28629,17,42,0,70.0,105.0,0,2800,2
11287,Lesser Magic Wand,19,21096,26,15,5,12.0,22.0,6,1500,2
11288,Greater Magic Wand,19,21097,26,23,13,22.0,41.0,6,1800,2
11303,Fine Shortbow,2,8104,15,16,11,10.0,20.0,0,1700,2
11304,Fine Longbow,2,20550,15,19,14,20.0,37.0,0,2700,2
11854,Samophlange Screwdriver,8,28245,17,19,0,25.0,38.0,0,2500,2
11856,Ceremonial Elven Blade,15,28312,13,45,0,33.0,63.0,0,1800,2
11857,Sanctimonial Rod,10,28345,17,46,0,88.0,133.0,0,3100,2
11860,Charged Lightning Rod,19,28108,26,46,0,39.0,73.0,3,1500,2
11863,White Bone Shredder,13,21855,22,52,0,30.0,57.0,0,1400,2
11864,White Bone Spear,6,25632,17,52,0,87.0,131.0,0,2700,2
11902,Linken's Sword of Mastery,7,22227,21,56,0,42.0,78.0,0,1800,2
11906,Beastsmasher,4,28075,13,55,0,48.0,90.0,0,2100,2
11907,Beastslayer,1,28073,17,55,0,112.0,169.0,0,3300,2
11964,Swiftstrike Cudgel,4,28203,13,55,0,36.0,68.0,0,1600,2
12000,Limb Cleaver,1,28207,17,55,0,82.0,123.0,0,2400,2
12061,Blade of Reckoning,7,28086,13,60,0,60.0,112.0,0,2400,2
12062,Skilled Fighting Blade,15,25611,13,60,0,35.0,65.0,0,1400,2
12225,Blump Family Fishing Pole,20,20618,17,10,0,13.0,21.0,0,3000,1
12282,Worn Battleaxe,1,22291,17,2,1,3.0,5.0,0,2900,1
12296,Spark of the People's Militia,19,28248,26,17,0,16.0,30.0,6,1800,2
12446,Anvilmar Musket,3,28060,26,5,0,7.0,14.0,0,2700,1
12447,Thistlewood Bow,2,20723,15,5,0,6.0,12.0,0,2300,1
12448,Light Hunting Rifle,3,28206,26,5,0,5.0,10.0,0,1900,1
12449,Primitive Bow,2,28235,15,5,0,7.0,14.0,0,2700,1
12975,Prospector Axe,1,28804,17,20,15,33.0,51.0,0,2400,3
12976,Ironpatch Blade,7,8272,13,20,15,24.0,46.0,0,2600,3
12983,Rakzur Club,5,28809,17,21,16,38.0,57.0,0,2600,3
12984,Skycaller,19,28738,26,21,16,24.0,45.0,6,1600,3
12989,Gargoyle's Bite,6,28758,17,22,20,44.0,66.0,0,2900,3
12990,Razor's Edge,0,28810,13,23,18,25.0,48.0,0,2400,3
12992,Searing Blade,8,20071,17,23,18,39.0,59.0,0,2500,3
13136,Lil Timmy's Peashooter,3,21071,26,21,16,26.0,48.0,0,2600,3
13246,Argent Avenger,7,23836,13,62,0,71.0,108.0,0,2200,3
13249,Argent Crusader,10,23837,17,62,0,127.0,191.0,0,3000,3
13474,Farmer Dalson's Shotgun,3,13060,26,56,0,45.0,84.0,0,1900,2
13982,Warblade of Caer Darrow,8,26676,17,63,0,142.0,214.0,0,3300,3
13984,Darrowspike,15,26679,13,63,0,43.0,81.0,0,1500,3
14145,Cursed Felblade,7,24981,13,18,13,22.0,42.0,0,2600,3
14151,Chanting Blade,15,24990,13,18,13,12.0,24.0,0,1500,3
14391,Durability Sword,7,20173,13,1,0,1.0,2.0,0,2300,1
14394,Durability Bow,2,20550,15,1,0,1.0,3.0,0,1800,1
15105,Staff of Noh'Orahil,10,28231,17,40,0,62.0,94.0,0,2700,2
15106,Staff of Dar'Orahil,10,28236,17,40,0,62.0,94.0,0,2700,2
15109,Staff of Soran'ruk,10,28225,17,25,0,39.0,59.0,0,2900,2
15204,Moonstone Wand,19,28218,26,18,0,17.0,32.0,6,1800,2
15205,Owlsight Rifle,3,28229,26,20,0,20.0,37.0,0,2600,2
15210,Raider Shortsword,7,28544,13,16,11,11.0,20.0,0,1900,2
15211,Militant Shortsword,7,28567,13,22,17,19.0,36.0,0,2500,2
15222,Barbed Club,4,28314,21,19,14,15.0,29.0,0,2300,2
15223,Jagged Star,4,28571,21,24,19,24.0,45.0,0,2800,2
15224,Battlesmasher,4,28318,13,25,20,24.0,45.0,0,2700,2
15230,Ridge Cleaver,0,28539,21,25,20,19.0,37.0,0,2200,2
15248,Gleaming Claymore,8,28535,17,20,15,30.0,46.0,0,2900,2
15259,Hefty Battlehammer,5,28548,17,25,20,43.0,65.0,0,3200,2
15268,Twin-bladed Axe,1,28460,17,16,11,23.0,35.0,0,2700,2
15269,Massive Battle Axe,1,28573,17,24,19,42.0,64.0,0,3300,2
15335,Briarsteel Shortsword,7,28093,13,14,0,12.0,24.0,0,2500,2
15396,Curvewood Dagger,15,26602,13,14,0,7.0,14.0,0,1500,2
15397,Oakthrush Staff,10,10654,17,14,0,21.0,32.0,0,2800,2
15418,Shimmering Platinum Warhammer,5,27412,17,63,0,142.0,192.0,0,3100,3
15424,Axe of Orgrimmar,1,3243,17,18,0,31.0,47.0,0,3300,2
15443,Kris of Orgrimmar,15,28199,13,18,0,9.0,18.0,0,1500,2
15444,Staff of Orgrimmar,10,28228,17,18,0,31.0,47.0,0,3300,2
15445,Hammer of Orgrimmar,4,28191,13,18,0,18.0,35.0,0,2900,2
15464,Brute Hammer,5,28096,17,28,0,50.0,76.0,0,3300,2
15465,Stingshot Wand,19,28216,26,28,0,28.0,52.0,3,1800,2
15691,Sidegunner Shottie,3,26411,26,38,0,43.0,80.0,0,2900,2
15692,Kodo Brander,19,26412,26,38,0,41.0,77.0,6,1900,2
15705,Tidecrest Blade,7,26432,13,57,0,62.0,115.0,0,2600,2
15706,Hunt Tracker Blade,15,26433,13,57,0,35.0,66.0,0,1500,2
15782,Beaststalker Blade,7,26463,13,60,0,55.0,103.0,0,2200,2
15783,Beasthunter Dagger,15,26464,13,60,0,42.0,79.0,0,1700,2
15800,Intrepid Shortsword,7,26477,13,58,0,69.0,130.0,0,2600,3
15801,Valiant Shortsword,7,26479,13,58,0,56.0,105.0,0,2100,3
15806,Mirah's Song,7,26494,13,61,0,57.0,87.0,0,1800,3
15807,Light Crossbow,18,10671,26,8,3,11.0,12.0,0,2500,1
15808,Fine Light Crossbow,18,10671,26,21,16,29.0,29.0,0,2700,1
15810,Short Spear,6,26500,17,25,20,40.0,60.0,0,3300,1
15814,Hameya's Slayer,7,26503,13,60,0,57.0,86.0,0,2000,2
15853,Windreaper,0,26535,13,60,0,63.0,118.0,0,2300,3
15854,Dancing Sliver,10,26536,17,60,0,98.0,148.0,0,2400,3
15862,Blitzcleaver,0,26545,13,54,0,49.0,92.0,0,2200,2
15863,Grave Scepter,4,5205,13,54,0,36.0,67.0,0,1600,2
15903,Right-Handed Claw,13,26593,21,25,20,12.0,23.0,0,1500,1
15905,Right-Handed Brass Knuckles,13,26592,21,15,10,6.0,13.0,0,1400,1
15906,Left-Handed Brass Knuckles,13,26592,22,15,10,6.0,13.0,0,1400,1
15907,Left-Handed Claw,13,26594,22,25,20,12.0,23.0,0,1500,1
16622,Thornflinger,2,27492,15,57,0,67.0,126.0,0,2800,2
16789,Captain Rackmore's Tiller,19,28408,26,36,0,31.0,58.0,4,1500,2
16886,Outlaw Sabre,7,28586,13,30,0,35.0,67.0,0,2700,3
16889,Polished Walking Staff,10,28592,17,24,0,33.0,50.0,0,2600,2
16890,Slatemetal Cutlass,7,28593,13,24,0,19.0,35.0,0,2200,2
16891,Claystone Shortsword,7,28608,13,21,0,16.0,30.0,0,2200,2
16894,Clear Crystal Rod,10,28610,17,21,0,34.0,51.0,0,3100,2
16992,Smokey's Explosive Launcher,3,28786,26,60,0,68.0,128.0,0,2700,2
16993,Smokey's Fireshooter,19,28818,26,60,0,70.0,132.0,2,1900,2
16996,Gorewood Bow,2,28827,15,62,0,70.0,131.0,0,2500,3
16997,Stormrager,19,28828,26,62,0,57.0,106.0,3,1300,3
17002,Ichor Spitter,0,28834,13,61,0,61.0,114.0,0,2400,2
17003,Skullstone Hammer,4,28835,13,61,0,68.0,128.0,0,2700,2
17004,Sarah's Guide,10,28836,17,61,0,94.0,142.0,0,2500,2
17039,Skullbreaker,4,28869,13,36,0,31.0,59.0,0,2400,2
17042,Nail Spitter,3,28870,26,36,0,26.0,49.0,0,1900,2
17046,Gutterblade,0,28873,13,31,0,25.0,46.0,0,2200,2
17191,Scepter of Celebras,10,57734,17,53,0,110.0,165.0,0,3000,3
17686,Master Hunter's Bow,2,20555,15,43,0,51.0,96.0,0,2900,2
17687,Master Hunter's Rifle,3,8095,26,43,0,51.0,96.0,0,2900,2
17705,Thrash Blade,7,29769,13,53,0,66.0,124.0,0,2700,3
17743,Resurgence Rod,10,22391,17,53,0,139.0,209.0,0,3800,3
17753,Verdant Keeper's Aim,2,29932,15,53,0,68.0,127.0,0,2800,3
18410,Sprinter's Sword,8,30778,17,57,0,99.0,149.0,0,2800,2
18420,Bonecrusher,5,30792,17,63,0,129.0,194.0,0,3000,3
18491,Lorespinner,15,30827,13,57,0,39.0,74.0,0,1500,3
18610,Keen Machete,7,5139,21,6,1,3.0,6.0,0,1800,1
18957,Brushwood Blade,7,31400,13,10,0,11.0,21.0,0,3000,2
19022,Nat Pagle's Extreme Angler FC-5000,20,20619,17,50,0,93.0,140.0,0,3000,2
19040,Zorbin's Mega-Slicer,7,31526,13,48,0,46.0,86.0,0,2300,2
19106,Ice Barbed Spear,6,31613,17,63,0,155.0,233.0,0,3600,3
19107,Bloodseeker,18,32146,26,63,0,108.0,162.0,0,3300,3
19108,Wand of Biting Cold,19,15238,26,63,0,67.0,125.0,4,1500,3
19114,Highland Bow,2,31622,15,51,0,54.0,100.0,0,2500,2
19118,Nature's Breath,19,31628,26,50,0,40.0,75.0,3,1400,2
19970,Arcanite Fishing Pole,20,20619,17,20,0,42.0,63.0,0,3000,3
20035,Glacial Spike,15,32592,13,52,0,31.0,59.0,0,1300,3
20082,Woestave,19,32685,26,52,0,68.0,127.0,5,1900,3
20083,Hunting Spear,6,32717,17,52,0,111.0,168.0,0,3100,3
20425,Advisor's Gnarled Staff,10,20330,17,23,18,45.0,69.0,0,2900,3
20430,Legionnaire's Sword,7,32076,13,23,18,28.0,53.0,0,2700,3
20434,Lorekeeper's Staff,10,18289,17,23,18,45.0,69.0,0,2900,3
20437,Outrider's Bow,2,32079,15,23,18,25.0,48.0,0,2400,3
20438,Outrunner's Bow,2,32081,15,23,18,25.0,48.0,0,2400,3
20440,Protector's Sword,7,32077,13,23,18,28.0,53.0,0,2700,3
20441,Scout's Blade,15,32074,13,23,18,18.0,34.0,0,1700,3
20443,Sentinel's Blade,15,32075,13,23,18,18.0,34.0,0,1700,3
20536,Soul Harvester,10,33087,17,52,0,118.0,178.0,0,3300,3
20556,Wildstaff,10,24014,17,52,0,90.0,135.0,0,2500,3
20646,Sandstrider's Mark,2,33068,15,59,0,70.0,131.0,0,2600,3
20647,Black Crystal Dagger,15,33069,21,59,0,49.0,91.0,0,1800,3
20648,Cold Forged Hammer,4,33072,13,63,0,72.0,135.0,0,2500,3
20723,Brann's Trusty Pick,0,33171,13,62,0,70.0,130.0,0,2700,2
20724,Corrupted Blackwood Staff,10,33172,17,62,0,131.0,197.0,0,3400,2
20835,Sunstrider Sword,7,33236,21,5,0,3.0,6.0,0,2200,1
20836,Sunstrider Dagger,15,33237,13,5,0,2.0,5.0,0,1700,1
20837,Sunstrider Axe,0,33235,21,5,0,5.0,9.0,0,3500,1
20838,Sunstrider Bow,2,20723,15,5,0,6.0,12.0,0,2300,1
20839,Sunstrider Staff,10,38291,17,5,0,6.0,10.0,0,3100,1
20840,Sunstrider Mace,4,5194,21,5,0,3.0,6.0,0,2200,1
20849,Arcane Forged Shortsword,7,33220,13,4,1,3.0,6.0,0,2600,1
20850,Arcane Forged Axe,0,33255,13,4,1,2.0,4.0,0,2000,1
20851,Arcane Forged Mace,4,33308,13,4,1,2.0,4.0,0,1900,1
20852,Arcane Forged Dirk,15,33253,13,4,1,1.0,3.0,0,1600,1
20853,Mana Gathering Staff,10,33254,17,4,1,5.0,8.0,0,3200,1
20910,Stiff Shortbow,2,20723,15,4,1,5.0,10.0,0,2000,1
20978,Apprentice's Staff,10,33299,17,2,1,3.0,5.0,0,2900,1
20980,Warder's Shortbow,2,8106,15,2,1,5.0,10.0,0,2300,1
20981,Neophyte's Mace,4,37294,21,2,1,1.0,3.0,0,1900,1
20982,Sharp Dagger,15,37170,13,2,1,1.0,2.0,0,1600,1
20983,Acolyte's Dagger,15,37171,13,2,1,1.0,2.0,0,1600,1
22347,Fahrad's Reloading Repeater,18,22929,26,65,0,107.0,162.0,0,3200,3
22348,Doomulus Prime,5,35010,17,65,0,158.0,265.0,0,3800,3
22377,The Thunderwood Poker,15,34849,13,65,0,53.0,100.0,0,1800,3
22378,Ravenholdt Slicer,7,34850,13,65,0,83.0,156.0,0,2800,3
22379,Shivsprocket's Shiv,15,34859,21,65,0,42.0,82.0,0,1500,3
22380,Simone's Cultivating Hammer,4,34860,21,65,0,51.0,98.0,0,1800,3
22458,Moonshadow Stave,10,18289,17,52,0,133.0,200.0,0,3700,3
22656,The Purifier,3,35071,26,60,0,89.0,165.0,0,3000,4
22688,Verimonde's Last Resort,15,35094,21,66,0,39.0,76.0,0,1400,3
22783,Sunwell Blade,7,20014,13,20,0,18.0,34.0,0,2600,2
22956,Rusty Mace,4,36924,13,7,0,3.0,6.0,0,1700,1
22957,Rusty Sin'dorei Sword,7,1544,21,7,0,5.0,10.0,0,2500,1
22958,Farstrider Sword,8,20084,17,10,0,15.0,23.0,0,3300,1
22959,Smooth Metal Staff,10,35363,17,10,0,13.0,20.0,0,2900,1
22963,Ranger's Pocketknife,15,3006,13,10,0,4.0,9.0,0,1500,1
22969,Ven'jashi's Bow,2,7603,15,11,0,9.0,18.0,0,2000,2
22971,Hoodoo Wand,19,28159,26,11,0,9.0,17.0,6,1600,2
22980,Staff of the Sun,10,44339,17,21,0,44.0,66.0,0,3000,3
22982,Farstrider's Longbow,2,20674,15,21,0,17.0,32.0,0,1700,3
22984,Dawnblade,15,35390,13,21,0,15.0,29.0,0,1600,3
22995,Sin'dorei Warblade,8,35392,17,21,0,49.0,75.0,0,3400,3
22997,Ley-Keeper's Wand,19,20903,26,20,0,14.0,28.0,5,1400,2
23171,The Axe of Severing,1,28804,17,25,20,50.0,76.0,0,3000,3
23346,Battleworn Claymore,8,2380,17,2,1,3.0,5.0,0,2900,1
23347,Weathered Crossbow,18,10671,26,2,1,6.0,10.0,0,2500,1
23370,Ley-Keeper's Blade,7,35898,13,6,0,3.0,6.0,0,1900,1
23371,Velania's Walking Stick,10,3405,17,6,0,8.0,12.0,0,3100,1
23372,Bloodhawk Claymore,8,37415,17,7,0,8.0,13.0,0,2900,1
23373,Long Knife,7,36958,13,7,0,4.0,8.0,0,2100,1
23390,Exodar Bastard Sword,8,20084,17,5,0,7.0,11.0,0,3300,1
23391,Exodar Dagger,15,6432,13,5,0,2.0,4.0,0,1600,1
23392,Exodar Maul,4,19772,21,5,0,3.0,6.0,0,2100,1
23393,Exodar Shortsword,7,20176,21,5,0,3.0,6.0,0,2100,1
23396,Slightly Used Ranger's Blade,7,1544,21,9,0,6.0,13.0,0,2500,1
23398,Worn Ranger's Bow,2,20722,15,9,0,7.0,14.0,0,2100,1
23402,Arcanist's Dagger,15,35932,13,14,0,8.0,16.0,0,1700,2
23409,Well Crafted Long Bow,2,20550,15,20,0,20.0,39.0,0,2700,2
23410,Well Crafted Sword,7,36960,13,20,0,17.0,32.0,0,2400,2
23411,Well Crafted Staff,10,20401,17,20,0,26.0,39.0,0,2500,2
23415,Survival Knife,15,3006,13,15,0,8.0,15.0,0,1500,2
23423,Mercenary Greatsword,8,35962,17,10,0,16.0,25.0,0,2900,2
23429,Mercenary Clout,5,35968,17,10,0,20.0,30.0,0,3500,2
23430,Mercenary Sword,7,5145,13,10,0,9.0,17.0,0,2400,2
23431,Mercenary Stiletto,15,35961,13,10,0,5.0,11.0,0,1500,2
23553,Living Branch,10,36317,17,10,0,12.0,19.0,0,2700,1
23923,Amani Sacrificial Dagger,15,36650,13,17,12,10.0,20.0,0,2000,1
24136,Farstrider's Bow,2,18350,15,12,0,14.0,27.0,0,2800,2
24138,Silver Crossbow,18,11247,26,12,0,16.0,30.0,0,3100,2
24339,Stung,7,31400,13,11,0,10.0,20.0,0,2500,2
24342,Stillpine Shocker,19,28633,26,13,0,10.0,20.0,6,1600,2
24343,The Thumper,4,8572,13,13,0,13.0,24.0,0,2700,2
24351,Mace of the Hand,4,37049,13,20,0,16.0,30.0,0,2300,2
24352,Blade of the Hand,8,37050,17,20,0,27.0,41.0,0,2600,2
24353,Crossbow of the Hand,18,37057,26,20,0,29.0,30.0,0,2700,2
24354,Staff of the Hand,10,37054,17,20,0,27.0,30.0,0,2200,2
24430,Seafarer's Blade,8,37191,17,10,0,12.0,19.0,0,2800,1
24431,McWeaksauce's Meat Tenderizer,4,37192,21,10,0,6.0,12.0,0,2000,1
24432,The Shell Cracker,5,37193,17,10,0,12.0,18.0,0,2600,1
24433,Crossbow of the Albatross,18,37057,26,10,0,14.0,14.0,0,2500,1
24434,The Discipline Stick,10,37195,17,10,0,12.0,18.0,0,2600,1
24441,Exodar Crossbow,18,37201,26,5,0,8.0,12.0,0,2500,1
25464,Blood-Tempered Ranseur,6,37410,17,27,0,60.0,91.0,0,3400,3
25492,Earthcaller's Mace,4,23267,21,93,0,66.0,140.0,0,2500,2
25494,Totemic Staff,10,28580,17,93,0,148.0,234.0,0,3400,2
25495,Wolfrider's Dagger,15,20299,13,93,0,61.0,115.0,0,1800,2
25496,Mag'har Bow,2,28309,15,93,0,95.0,177.0,0,2800,2
25519,Warden's Hammer,4,28262,13,93,0,95.0,178.0,0,2800,2
25536,Sporeggar Smasher,4,19735,21,94,0,51.0,123.0,0,2100,3
25537,Hewing Axe of the Marsh,1,28207,17,94,0,176.0,265.0,0,3000,3
25538,Sporeling Claw,13,40181,13,94,0,99.0,184.0,0,2500,3
25543,Talbuk Sticker,15,16130,21,105,0,36.0,87.0,0,1500,2
25544,Zerid's Vintage Musket,3,28557,26,105,0,102.0,190.0,0,2700,2
25545,Talbuk Dirk,15,6448,13,105,0,70.0,131.0,0,1800,2
25553,Exodar Staff,10,20446,17,5,0,7.0,11.0,0,3300,1
25603,Lantresor's Warblade,6,22792,17,97,0,181.0,273.0,0,3000,3
25608,Lantresor's Warblade,6,22792,17,97,0,181.0,273.0,0,3000,3
25622,Staff of the Four Golden Coins,10,39281,17,102,0,201.0,303.0,0,3600,2
25629,Ogre Handler's Shooter,19,30660,26,102,0,113.0,211.0,5,1700,2
25632,Wand of Happiness,19,30660,26,102,0,113.0,211.0,5,1700,2
25639,Hemet's Elekk Gun,3,37557,26,103,0,103.0,193.0,0,2500,3
25640,Nesingwary Safari Stick,19,44594,26,103,0,142.0,265.0,5,1800,3
25759,Mogor's Anointing Club,4,44606,21,103,0,47.0,126.0,0,2100,3
25760,Battle Mage's Baton,10,34891,17,103,0,92.0,161.0,0,2100,3
25761,Staff of Beasts,10,39296,17,103,0,215.0,323.0,0,3300,3
25762,Honed Voidaxe,1,41636,17,103,0,221.0,333.0,0,3400,3
25763,Ceremonial Warmaul Blood-blade,15,48502,13,103,0,74.0,139.0,0,1700,3
25764,Mag'hari Fury Brand,13,40169,13,103,0,109.0,204.0,0,2500,3
25772,Crystalline Kopesh,7,39359,13,100,0,88.0,165.0,0,2100,3
25773,Hungering Bone Cudgel,4,43642,13,100,0,67.0,126.0,0,1600,3
25774,Azure Lightblade,15,39357,21,100,0,44.0,80.0,0,1500,3
25806,Nethekurse's Rod of Torment,19,44596,26,109,0,152.0,284.0,5,1800,3
25808,Rod of Dire Shadows,19,37803,26,109,0,152.0,284.0,5,1800,3
25861,Crude Throwing Axe,16,20777,25,3,1,2.0,4.0,0,1800,1
25872,Balanced Throwing Dagger,16,16752,25,8,3,5.0,10.0,0,1700,1
25873,Keen Throwing Knife,16,20779,25,16,11,12.0,24.0,0,1900,1
25874,Large Throwing Knife,16,39740,25,20,15,25.0,47.0,0,3000,1
25878,Dusksteel Throwing Knife,16,20773,25,52,0,50.0,95.0,0,1800,2
25915,Fallen Vindicator's Blade,7,32077,21,93,0,68.0,127.0,0,2000,2
25916,Terokkar Axe,0,42669,13,96,0,90.0,169.0,0,2600,2
25917,Healer's Staff of the Forest,10,28345,17,96,0,135.0,216.0,0,3100,2
25918,Blood-Guided Knife,15,20601,13,96,0,45.0,84.0,0,1300,2
25920,Sedai's Blade,7,38099,21,93,0,68.0,127.0,0,2000,2
25933,Extra Sharp Blade,7,26572,13,99,0,69.0,128.0,0,1900,2
25934,Spiked Destroyer,5,6808,17,99,0,183.0,276.0,0,3400,2
25935,Invincible Stave,10,20257,17,99,0,134.0,218.0,0,3100,2
25971,Stout Oak Longbow,2,25606,15,80,0,102.0,190.0,0,3300,2
25972,Deadeye's Piece,3,28331,26,80,0,77.0,144.0,0,2500,2
25973,Dark Augur's Wand,19,20851,26,80,0,86.0,161.0,5,1700,2
25978,Seth's Graphite Fishing Pole,20,20619,17,60,0,111.0,168.0,0,3000,2
25985,Cenarion Naturalist's Staff,10,42613,17,93,0,160.0,254.0,0,3700,2
25986,Dreadtusk's Fury,5,35968,17,93,0,111.0,168.0,0,2200,2
25987,Helboar Carving Blade,8,26589,17,93,0,178.0,267.0,0,3500,2
26049,Old Elekk Prod,4,12992,13,11,0,7.0,14.0,0,1800,2
26050,Fist of Argus,4,37192,13,16,0,12.0,24.0,0,2200,2
26051,2 Stone Sledgehammer,5,5226,17,11,0,21.0,33.0,0,3500,2
26052,Vindicator's Smasher,5,38269,17,16,0,24.0,36.0,0,2800,2
26053,Elekk Handler's Blade,7,1547,13,11,0,8.0,16.0,0,2000,2
26054,Blade of Argus,7,38265,13,16,0,9.0,17.0,0,1600,2
27389,Surplus Bastard Sword,8,20074,17,11,0,20.0,30.0,0,3200,2
27390,Vindicator's Letter Opener,8,38270,17,16,0,24.0,37.0,0,2900,2
27401,Arugoo's Crossbow of Destruction,18,38260,26,12,0,16.0,25.0,0,2800,2
27402,Huntsman's Crossbow,18,22929,26,17,0,21.0,32.0,0,2800,2
27403,Stillpine Stinger,19,39743,26,12,0,8.0,16.0,3,1400,2
27404,Lightspark,19,28218,26,17,0,16.0,30.0,6,1800,2
27640,Hand of Argus Crossfire,18,38263,26,16,0,25.0,26.0,0,2800,2
27641,Vindicator's Walking Stick,10,38264,17,16,0,24.0,37.0,0,2900,2
27749,Staff of the Wild,10,20293,17,99,0,167.0,251.0,0,3100,2
27750,Hammer of the Sporelings,5,28629,17,99,0,151.0,227.0,0,2800,2
27751,Survivalist's Pike,6,25630,17,99,0,172.0,259.0,0,3200,2
27752,Zangarmarsh Claymore,8,20072,17,99,0,151.0,227.0,0,2800,2
27753,Ensorcelled Marshfang Blade,15,40214,21,93,0,45.0,95.0,0,1700,2
27754,Keen Marshfang Slicer,7,26572,13,93,0,89.0,165.0,0,2600,2
27756,Marshfang Blade Axe,0,16126,13,93,0,51.0,95.0,0,1500,2
28062,Expedition Repeater,18,40715,26,93,0,112.0,169.0,0,2900,2
28063,Survivalist's Wand,19,28747,26,93,0,77.0,143.0,4,1300,2
28151,Arcanist's Wand,19,28159,26,14,0,11.0,22.0,6,1600,2
28152,Quel'Thalas Recurve,2,20550,15,11,0,13.0,25.0,0,2700,2
28164,Tranquillien Flamberge,8,20087,17,15,10,29.0,44.0,0,3600,2
28408,Broken Silver Star,16,20772,25,37,0,41.0,77.0,0,2300,2
28979,Light Throwing Knife,16,40187,25,3,1,1.0,3.0,0,1600,1
29007,Weighted Throwing Axe,16,40190,25,8,3,5.0,11.0,0,1900,1
29008,Sharp Throwing Axe,16,40191,25,16,11,12.0,24.0,0,1900,1
29108,Blade of the Unyielding,7,13078,13,87,0,78.0,146.0,0,2400,2
29109,Rod of the Unyielding,10,28236,17,87,0,131.0,197.0,0,2700,2
29200,Falfindel's Blaster,3,20729,26,31,0,33.0,62.0,0,2800,2
29201,Thick Bronze Darts,16,40409,25,20,15,23.0,35.0,0,2200,2
29211,Fitz's Throwing Axe,16,23723,25,103,0,143.0,215.0,0,2200,3
29212,Balanced Stone Dirk,16,32693,25,93,0,80.0,149.0,0,1800,2
29329,Terokk's Quill,6,40563,17,115,0,246.0,370.0,0,3300,3
29399,Rod of the Void Caller,10,40650,17,93,0,121.0,193.0,0,2800,2
29518,Amani Scimitar,7,22079,13,21,16,18.0,34.0,0,2700,1
29583,Sinister Scimitar,7,41179,13,20,15,20.0,38.0,0,2900,2
29584,Throat Piercers,16,41181,25,19,14,18.0,27.0,0,1800,2
29779,Rejuvenating Scepter,19,31628,26,108,0,100.0,186.0,3,1400,2
29787,Master Smith's Hammer,4,28262,13,111,0,108.0,202.0,0,2600,2
29908,Rage Reaver,1,28334,17,81,0,167.0,251.0,0,3600,2
29909,Screaming Dagger,15,20299,13,81,0,56.0,105.0,0,1800,2
29910,The Staff of Twin Worlds,10,20298,17,81,0,147.0,226.0,0,3400,2
29911,Agamaggan's Quill,10,24015,17,81,0,158.0,237.0,0,3400,2
29913,Foe Reaver,7,28561,13,81,0,81.0,151.0,0,2600,2
29914,Hellfire Skiver,15,41494,22,81,0,43.0,81.0,0,1400,2
29915,Desolation Rod,19,39876,26,81,0,82.0,154.0,6,1600,2
29916,Ironstar Repeater,18,42393,26,81,0,97.0,98.0,0,2200,2
30009,The Burning Crusader,1,43952,17,109,0,251.0,378.0,0,3600,3
30010,Fleshling Simulation Staff,10,41598,17,109,0,167.0,252.0,0,2400,3
30011,Ameer's Impulse Taser,10,41599,17,109,0,105.0,190.0,0,2400,3
30012,Ameer's Judgement,10,41600,17,109,0,105.0,190.0,0,2400,3
30013,Twin-Bladed Ripper,15,44767,13,109,0,84.0,157.0,0,1800,3
30226,Alley's Recurve,2,41779,15,108,0,97.0,181.0,0,2500,2
30227,Mark V's Throwing Star,16,39999,25,108,0,89.0,166.0,0,1700,2
30252,Unearthed Enkaat Wand,19,21018,26,108,0,121.0,226.0,6,1700,2
30277,Ripfang Paw,13,41816,21,111,0,113.0,210.0,0,2700,2
30278,Pilfered Ethereal Blade,7,41856,13,111,0,66.0,124.0,0,1600,2
30279,Mama's Insurance,3,8258,26,111,0,87.0,163.0,0,2200,2
30364,Resonating Axe,0,41974,13,108,0,113.0,211.0,0,2800,2
30394,Sunfury Blade,8,20167,17,114,0,224.0,337.0,0,3500,2
30395,Warp-Master's Maul,5,28499,17,114,0,179.0,270.0,0,2800,2
30396,Jeweled Halberd,6,25632,17,114,0,173.0,260.0,0,2700,2
30397,Spymaster's Crossbow,18,41969,26,108,0,104.0,195.0,0,2700,2
30504,Leafblade Dagger,15,20425,13,19,0,12.0,24.0,0,1900,2
30522,Conjurer's Staff,10,20298,17,114,0,149.0,259.0,0,3400,2
30523,Hotshot Cattle Prod,19,42278,26,111,0,125.0,234.0,6,1700,2
30787,Illidari-Bane Mageblade,15,40855,21,115,0,32.0,101.0,0,1600,3
30788,Illidari-Bane Broadsword,7,41428,13,115,0,135.0,252.0,0,2700,3
30789,Illidari-Bane Claymore,8,47478,17,115,0,276.0,414.0,0,3700,3
30855,Shatterstone Pick,0,18377,13,84,0,57.0,107.0,0,1800,2
30859,Wand of the Seer,19,43007,26,109,0,110.0,205.0,3,1300,3
30999,Ashtongue Blade,15,43309,13,109,0,65.0,122.0,0,1400,3
31000,Bloodwarder's Rifle,3,43312,26,109,0,114.0,213.0,0,2600,3
31002,Summoner's Blade,7,1930,21,109,0,55.0,160.0,0,2600,3
31009,Wildcaller,10,43313,17,109,0,195.0,294.0,0,2800,3
31010,Slayer's Axe,1,44011,17,109,0,223.0,336.0,0,3200,3
31013,Ceremonial Kris,15,43315,21,109,0,34.0,99.0,0,1600,3
31036,Oronok's Ancient Scepter,10,43323,17,108,0,152.0,273.0,0,3500,3
31038,Staff of the Redeemer,10,43353,17,108,0,152.0,273.0,0,3500,3
31062,Torn-heart Axe of Battle,1,43355,17,109,0,230.0,346.0,0,3300,3
31071,Grom'tor's Charge,0,43356,13,109,0,75.0,140.0,0,1600,3
31072,"Lohn'goron, Bow of the Torn-heart",2,43384,15,109,0,114.0,213.0,0,2600,3
31073,Borak's Reminder,15,43645,13,109,0,84.0,157.0,0,1800,3
31268,Abomination Cleaver,0,8466,13,18,13,13.0,18.0,0,1700,2
31269,Ghoul Hammer,4,43772,13,18,13,15.0,29.0,0,2400,2
31270,Banshee Rod,19,43774,26,18,13,13.0,25.0,5,1400,2
31414,Wild Wood Staff,10,43951,17,108,0,192.0,289.0,0,3200,2
31416,Scorch Wood Bow,2,25604,15,108,0,85.0,159.0,0,2200,2
31417,Staff of the Ashtongue Deathsworn,10,43954,17,109,0,163.0,293.0,0,3700,3
31422,Heavy Elven Dirk,15,43994,13,102,0,67.0,126.0,0,1800,2
31423,Wolf Hewer's Axe,0,43995,13,102,0,90.0,168.0,0,2400,2
31424,Arcane Wand of Sylvanaar,19,43993,26,102,0,106.0,199.0,6,1600,2
31446,Vibro Shanker,15,43976,13,105,0,54.0,102.0,0,1400,2
31447,Vibro Dagger,15,43977,21,105,0,34.0,82.0,0,1400,2
31448,Vibro Sword,7,43978,21,105,0,34.0,82.0,0,1400,2
31474,Wand of the Ancestors,19,44118,26,105,0,110.0,206.0,6,1600,2
31475,Thunderlord Scalpel,15,44116,21,105,0,34.0,82.0,0,1400,2
31476,Slow Death Dirk,15,44117,13,105,0,70.0,131.0,0,1800,2
31492,Claw of the Netherwing Flight,15,44292,13,108,0,83.0,156.0,0,1800,3
31541,Whistling Sword,7,25640,13,108,0,64.0,120.0,0,1600,2
31542,Fanged Axe,1,44073,17,108,0,192.0,289.0,0,3200,2
31543,Adjudicator's Staff,10,28511,17,108,0,118.0,200.0,0,2700,2
31700,Runed Silver Staff,10,21968,17,108,0,192.0,289.0,0,3200,2
31701,Saboteur's Axe,1,44310,17,108,0,198.0,298.0,0,3300,2
31703,Nether-Stalker's Blade,15,44314,13,108,0,72.0,135.0,0,1800,2
31723,Madman's Blade,15,20331,13,96,0,48.0,91.0,0,1400,2
31724,Arakkoa Divining Rod,19,21027,26,99,0,102.0,191.0,3,1600,2
31733,Akuno's Blade,15,2708,13,99,0,69.0,128.0,0,1900,2
31745,Illidari-Bane Dagger,15,44375,13,115,0,90.0,168.0,0,1800,3
31756,Dib'Muad's Crysknife,15,44417,13,94,0,55.0,103.0,0,1400,3
31758,Revered Mother's Crysknife,15,44418,21,94,0,44.0,92.0,0,1400,3
31759,Shani's Crysknife,15,44417,13,94,0,71.0,133.0,0,1800,3
31761,Talonbranch Wand,19,44419,26,96,0,104.0,193.0,3,1700,2
31762,Feather-Wrapped Bow,2,44420,15,96,0,93.0,173.0,0,2700,2
31785,Edge of Inevitability,1,44470,17,99,0,189.0,284.0,0,3500,2
31802,Fleshling Simulation Staff,13,44490,13,109,0,105.0,190.0,0,2400,3
31816,Dragonbone Greatsword,8,44530,17,102,0,179.0,269.0,0,3200,2
31821,Blade of Retribution,7,44546,21,102,0,47.0,109.0,0,1900,2
32378,Silver Star,16,20772,25,37,0,41.0,77.0,0,2300,2
32824,Tigole's Trashbringer,8,23875,17,1,1,24.0,30.0,0,3000,6
32829,Windcharger's Lance,6,45475,17,109,0,237.0,357.0,0,3400,3
32830,Severin's Cane,10,28513,17,109,0,105.0,190.0,0,2400,3
32831,Jeweled Rod,19,47595,26,109,0,152.0,284.0,5,1800,3
32832,Scout's Throwing Knives,16,45474,25,109,0,153.0,231.0,0,2200,3
32872,Illidari Rod of Discipline,19,45508,26,114,0,107.0,199.0,5,1400,2
32912,Yellow Brewfest Stein,14,47520,13,5,1,0.0,2.0,0,2500,3
32915,Filled Yellow Brewfest Stein,14,47477,13,5,1,0.0,2.0,0,2500,3
32917,Filled Yellow Brewfest Stein,14,47477,13,5,1,0.0,2.0,0,2500,3
32918,Filled Yellow Brewfest Stein,14,47477,13,5,1,0.0,2.0,0,2500,3
32919,Filled Yellow Brewfest Stein,14,47477,13,5,1,0.0,2.0,0,2500,3
32920,Filled Yellow Brewfest Stein,14,47477,13,5,1,0.0,2.0,0,2500,3
33016,Blue Brewfest Stein,14,49972,13,5,1,1.0,2.0,0,2500,3
33017,Filled Blue Brewfest Stein,14,49974,13,5,1,1.0,2.0,0,2500,3
33018,Filled Blue Brewfest Stein,14,49974,13,5,1,1.0,2.0,0,2500,3
33019,Filled Blue Brewfest Stein,14,49974,13,5,1,1.0,2.0,0,2500,3
33020,Filled Blue Brewfest Stein,14,49974,13,5,1,1.0,2.0,0,2500,3
33021,Filled Blue Brewfest Stein,14,49974,13,5,1,1.0,2.0,0,2500,3
33267,Fleshripper,15,46457,13,38,0,25.0,48.0,0,1800,2
33268,Bone Dirk,15,46458,13,38,0,20.0,37.0,0,1400,2
33269,Bejeweled Dagger,15,46459,13,37,0,24.0,46.0,0,1800,2
33270,Mariner's Sword,7,20214,13,38,0,33.0,62.0,0,2300,2
33271,Battlecaster's Edge,7,20110,13,40,0,23.0,44.0,0,1500,2
33272,Biting Axe,0,46460,13,38,0,23.0,43.0,0,1600,2
33273,Seasoned Marshwood Bow,2,20667,15,39,0,41.0,78.0,0,2700,2
33274,Mercenary's Crossbow,18,38651,26,37,0,44.0,67.0,0,2700,2
33791,Heavy Copper Longsword,7,46839,13,11,6,10.0,20.0,0,2500,2
34418,Scrying Wand,19,47699,26,50,0,61.0,114.0,6,1800,3
34419,Thorium Flight Blade,16,26358,25,50,0,130.0,131.0,0,3000,3
34672,Inuuro's Blade,7,37209,13,115,0,80.0,121.0,0,1400,3
35807,Bramblethorn Greatstaff,10,49232,17,138,0,264.0,397.0,0,3000,2
35808,Coldstone Cutlass,7,49199,13,138,0,154.0,287.0,0,2600,2
35809,Earthspike,15,49200,21,138,0,35.0,111.0,0,1500,2
35810,Pacifying Pummeler,4,49233,21,138,0,51.0,164.0,0,2200,2
35811,Elekk-Horn Crossbow,18,49202,26,138,0,160.0,299.0,0,3000,2
35812,Cragthumper,5,49203,17,138,0,326.0,489.0,0,3700,2
35823,Ice-Rimed Dagger,15,49206,13,138,0,83.0,154.0,0,1400,2
35824,Stoneblade Slicer,7,49221,13,138,0,100.0,187.0,0,1700,2
35826,Whelpling-Skull Zapper,19,57489,26,138,0,185.0,344.0,3,1700,2
35827,Regal Sceptre,19,56892,26,138,0,174.0,324.0,4,1600,2
35829,Coldspike Longbow,2,49222,15,138,0,155.0,289.0,0,2900,2
35830,Worn Vrykul Smasher,13,49468,22,138,0,154.0,287.0,0,2600,2
35845,Crystalline Star,16,40005,25,138,0,115.0,215.0,0,1500,2
35849,Featherweight Claymore,8,49223,17,138,0,326.0,489.0,0,3700,2
35851,Acid-Etched Knuckles,13,49468,21,138,0,154.0,287.0,0,2600,2
35852,Fullered Coldsteel Dagger,15,49207,13,138,0,106.0,198.0,0,1800,2
35856,Hair-Trigger Blunderbuss,3,49226,26,138,0,160.0,299.0,0,3000,2
35870,Stoneground Cleaver,1,49227,17,138,0,308.0,463.0,0,3500,2
36878,Writhing Longstaff,10,50143,17,138,0,264.0,397.0,0,3000,2
36879,Soldier's Spiked Mace,4,50204,13,138,0,154.0,287.0,0,2600,2
36880,Vicious Spellblade,15,51559,21,138,0,35.0,111.0,0,1500,2
36881,Medic's Morning Star,4,49233,21,138,0,51.0,164.0,0,2200,2
36882,Warsong Longbow,2,50158,15,138,0,155.0,289.0,0,2900,2
36883,Combatant Greatsword,8,49223,17,138,0,317.0,476.0,0,3600,2
37014,Rod of Poacher Punishment,4,50200,13,138,0,94.0,176.0,0,1600,2
37015,Dowsing Rod,19,56890,26,138,0,207.0,385.0,5,1900,2
37016,Wand of the Keeper,19,56889,26,138,0,174.0,324.0,4,1600,2
37017,Nimble Blade,15,49206,13,138,0,83.0,154.0,0,1400,2
37018,G.E.H.T.A.,3,51175,26,138,0,160.0,299.0,0,3000,2
37021,Claw of the Tuskarr,13,51152,21,138,0,148.0,276.0,0,2500,2
37022,Shark Stabber,15,51246,13,138,0,106.0,198.0,0,1800,2
37023,Compact Arrow Launcher,18,49202,26,138,0,155.0,289.0,0,2900,2
37025,Blubber Carver,1,49227,17,138,0,299.0,450.0,0,3400,2
37026,Spirit Channeller's Rod,10,50138,17,138,0,157.0,290.0,0,3000,2
37028,Condor-Bone Star,16,40005,25,138,0,115.0,215.0,0,1500,2
37029,Fin Carver,15,51168,13,138,0,100.0,187.0,0,1700,2
37030,Blubber Grinder,5,49203,17,138,0,317.0,476.0,0,3600,2
37031,Zook's Walking Stick,10,50133,17,138,0,157.0,290.0,0,3000,2
37032,Edge of the Tuskarr,0,50063,13,138,0,172.0,320.0,0,2900,2
37034,Lobstrock Slicer,7,51196,13,138,0,94.0,176.0,0,1600,2
37036,Fish-Eye Poker,15,50130,13,138,0,106.0,198.0,0,1800,2
37039,Mrgl Blade,7,51268,13,138,0,154.0,287.0,0,2600,2
37041,Scepter of the Winterfin,4,50198,21,138,0,51.0,164.0,0,2200,2
37042,Glimmering Orca Tooth,15,51180,21,138,0,42.0,134.0,0,1800,2
37044,Amphibious Speargun,18,49202,26,138,0,150.0,279.0,0,2800,2
37046,Shell Smasher,5,50319,17,138,0,308.0,463.0,0,3500,2
37047,Branch of Everlasting Flame,19,56891,26,138,0,152.0,284.0,2,1400,2
37049,Lost Marksman's Rifle,3,49226,26,138,0,144.0,269.0,0,2700,2
37054,Frostbiter,1,50340,17,138,0,317.0,476.0,0,3600,2
37072,Jagged Icefist,13,51189,21,138,0,154.0,287.0,0,2600,2
37073,Hungering Greatstaff,10,49232,17,138,0,326.0,489.0,0,3700,2
37075,Serrated Scale Shank,15,50121,13,138,0,89.0,165.0,0,1500,2
37076,Fiery Prod,7,51166,13,138,0,94.0,176.0,0,1600,2
37077,Smoldering Talon,13,51241,22,138,0,154.0,287.0,0,2600,2
37078,Rod of the Crimson Keeper,19,51258,26,138,0,174.0,324.0,2,1600,2
37080,Crimson Will,8,50328,17,138,0,299.0,450.0,0,3400,2
37122,Taut Driftwood Bow,2,50149,15,138,0,144.0,269.0,0,2700,2
37535,Stave of the Windborn,10,50137,17,138,0,157.0,290.0,0,3000,2
37537,Stave of the Spiritcaller,10,50142,17,138,0,157.0,290.0,0,3000,2
37547,Fireborn Warhammer,4,50203,13,138,0,148.0,276.0,0,2500,2
37708,Stick,14,20618,17,1,0,2.0,4.0,0,3000,1
37892,Green Brewfest Stein,14,50189,13,5,1,0.0,2.0,0,2500,3
37893,Filled Green Brewfest Stein,14,59619,13,5,1,0.0,2.0,0,2500,3
37894,Filled Green Brewfest Stein,14,59619,13,5,1,0.0,2.0,0,2500,3
37895,Filled Green Brewfest Stein,14,59619,13,5,1,0.0,2.0,0,2500,3
37896,Filled Green Brewfest Stein,14,59619,13,5,1,0.0,2.0,0,2500,3
37897,Filled Green Brewfest Stein,14,59619,13,5,1,0.0,2.0,0,2500,3
38126,Frostbite Warstaff,10,50143,17,146,0,163.0,301.0,0,3000,2
38127,Carved Dragonbone Mace,4,50208,21,146,0,53.0,170.0,0,2200,2
38128,Staff of the Spiked Beast,10,50146,17,146,0,275.0,413.0,0,3000,2
38129,Staff of the Ley Mender,10,50141,17,146,0,163.0,301.0,0,3000,2
38130,Emme's Lost Spellblade,15,51365,21,146,0,36.0,116.0,0,1500,2
38131,Staff of Ruby Wood,10,50139,17,146,0,163.0,301.0,0,3000,2
38132,Moonrest Garden Stave,10,50147,17,146,0,163.0,301.0,0,3000,2
38133,Timeshattered Spire,10,50146,17,146,0,330.0,495.0,0,3600,2
38134,Bloodtinged Spellblade,15,51364,21,146,0,36.0,116.0,0,1500,2
38135,Mace of the Fallen Raven Priest,4,50197,21,146,0,53.0,170.0,0,2200,2
38137,Endurance of the Spell Warder,10,50144,17,146,0,163.0,301.0,0,3000,2
38138,Keldonus's Missing Spellshard,15,51367,21,146,0,36.0,116.0,0,1500,2
38140,DB50 Spell Staff4,10,49232,17,146,0,163.0,302.0,0,3000,2
38141,Coldwind Scratching Pole,10,50138,17,146,0,275.0,413.0,0,3000,2
38142,Infused Dragonbone Splinter,15,51366,21,146,0,36.0,116.0,0,1500,2
38143,Composite Harpyspine Staff,10,50137,17,146,0,163.0,301.0,0,3000,2
38146,Gleaming Iceblade,7,51377,13,146,0,154.0,286.0,0,2500,2
38148,Chilled Headsmasher,5,51381,17,146,0,320.0,481.0,0,3500,2
38150,Imported Ironshod Crossbow,18,50167,26,146,0,156.0,290.0,0,2800,2
38151,Daschal's Discarded Shiv,15,50122,13,146,0,86.0,160.0,0,1400,2
38152,Mace of the Violet Guardian,4,50208,13,146,0,104.0,195.0,0,1700,2
38153,Mana Infused Claw,13,51171,22,146,0,148.0,275.0,0,2400,2
38154,Taigasha,7,51380,13,146,0,166.0,309.0,0,2700,2
38155,Shortblade of the Ruby Ally,15,50121,13,146,0,104.0,195.0,0,1700,2
38156,Battered Magnataur Dualblade,1,49227,17,146,0,348.0,523.0,0,3800,2
38157,Longbow of the Ruby Rider,2,50152,15,146,0,167.0,311.0,0,3000,2
38169,Keen Woodland Shank,15,51168,13,146,0,111.0,206.0,0,1800,2
38170,Spiked Coldwind Club,4,50201,13,146,0,160.0,298.0,0,2600,2
38171,Battleworn Magnataur Crusher,5,50325,17,146,0,330.0,495.0,0,3600,2
38172,Crossbow of the Hardened Ranger,18,50166,26,146,0,156.0,290.0,0,2800,2
38173,Dagger of the Returning Past,15,51403,13,146,0,92.0,172.0,0,1500,2
38174,Time-Bending Smasher,4,50206,13,146,0,98.0,183.0,0,1600,2
38176,Stronghold Battlemace,4,49201,13,146,0,160.0,298.0,0,2600,2
38177,Siege Captain's Gun,3,51174,26,146,0,156.0,290.0,0,2800,2
38178,Battlement Enforcer's Axe,1,50338,17,146,0,302.0,454.0,0,3300,2
38181,Warblade of the Forgotten Footman,8,50329,17,146,0,311.0,468.0,0,3400,2
38187,Reactive Waraxe,0,51464,13,146,0,166.0,309.0,0,2700,2
38188,Claw of the Undead Ravager,13,51171,22,146,0,86.0,160.0,0,1400,2
38189,Backtwister,15,49207,13,146,0,111.0,206.0,0,1800,2
38190,Scourgeslayer's Shank,15,49206,13,146,0,80.0,149.0,0,1300,2
38191,Compact Explosive Delivery Device,15,50130,13,146,0,111.0,206.0,0,1800,2
38194,Mageslayer Rifle,3,29163,26,146,0,172.0,321.0,0,3100,2
38195,Magister's Bane,8,49223,17,146,0,320.0,481.0,0,3500,2
38196,Bloodsmeared Brutalizer,0,51463,13,146,0,160.0,298.0,0,2600,2
38197,Mounted Boneshredder,1,51385,17,146,0,302.0,454.0,0,3300,2
38198,Joint-Severing Quickblade,7,51402,13,146,0,104.0,195.0,0,1700,2
38202,Twig of Happy Reminders,19,57176,26,146,0,238.0,442.0,2,2100,2
38206,Wand of Blinding Light,19,56894,26,146,0,181.0,337.0,1,1600,2
38207,Wand of Purifying Fire,19,56895,26,146,0,204.0,379.0,2,1800,2
38208,Valiance Longbow,2,50157,15,138,0,155.0,289.0,0,2900,2
38237,Axe of Frozen Death,1,53056,17,138,0,341.0,513.0,0,3600,3
38238,Borean Smasher,13,51110,21,138,0,178.0,332.0,0,2800,3
38239,Tower of the Infinite Mind,10,49232,17,138,0,168.0,311.0,0,3000,3
38240,Staff of the Purposeful Mendicant,10,49232,17,138,0,168.0,311.0,0,3000,3
38241,Fury of the Raging Dragon,3,50850,26,138,0,178.0,332.0,0,3100,3
38242,Fang of the Desolate Soul,15,49207,13,138,0,115.0,214.0,0,1800,3
38262,Well-Worn Bat,10,20309,17,1,1,2.0,4.0,0,3400,0
38632,Greatsword of the Ebon Blade,8,52261,17,70,0,164.0,247.0,0,3400,3
38633,Greataxe of the Ebon Blade,1,50966,17,70,0,164.0,247.0,0,3400,3
38707,Runed Soulblade,8,51427,17,65,0,142.0,214.0,0,3200,3
39073,Root of the Everlasting,19,56893,26,138,0,174.0,324.0,3,1600,2
39109,Branch of the Roaming Spirit,10,51382,17,154,0,286.0,429.0,0,3000,2
39110,Staff of Righteous Vengeance,10,51382,17,154,0,276.0,415.0,0,2900,2
39112,Talon of Freedom,13,51152,21,154,0,173.0,322.0,0,2700,2
39113,Jagged Troll Render,13,51171,22,154,0,147.0,274.0,0,2300,2
39114,Axe of the Warlord's Demise,1,49227,17,154,0,257.0,387.0,0,2700,2
39115,Axe of Bloodstained Ice,1,49227,17,174,0,392.0,589.0,0,3700,2
39116,Grinder of Reverse Emancipation,5,50325,17,154,0,334.0,501.0,0,3500,2
39117,Liberator's Blade,8,50329,17,154,0,343.0,515.0,0,3600,2
39119,Bondsniper,3,51174,26,154,0,168.0,313.0,0,2900,2
39120,Spire of Soaring Rumination,10,50137,17,154,0,170.0,313.0,0,3000,2
39121,Cultist's Cauldron Stirrer,10,50146,17,174,0,181.0,336.0,0,2900,2
39125,Beaked Dagger,15,50122,13,154,0,89.0,167.0,0,1400,2
39127,Serrated Cold-Iron Slicer,7,50266,13,154,0,102.0,191.0,0,1600,2
39128,Yoke Slasher,7,51377,13,154,0,167.0,310.0,0,2600,2
39129,Spike of Renounced Autonomy,15,49207,13,154,0,115.0,215.0,0,1800,2
39130,Corrupter's Shanker,15,49207,13,174,0,128.0,239.0,0,1800,2
39131,Warbling Crossbow,18,50166,26,154,0,179.0,334.0,0,3100,2
39132,Sword of the Caged Mind,7,49221,21,154,0,40.0,129.0,0,1600,2
39133,Necrolord's Sacrificial Dagger,15,51365,21,174,0,42.0,134.0,0,1500,2
39134,Bow of Regression,2,50152,15,174,0,193.0,360.0,0,3000,2
39135,Wyrmstalker's Bow,2,50149,15,174,0,180.0,336.0,0,2800,2
39136,Reanimator's Hacker,0,51463,13,174,0,185.0,345.0,0,2600,2
39138,Deadly Razordarts,16,40005,25,174,0,176.0,328.0,0,1900,2
39142,Mace of Helotry,4,50208,21,154,0,56.0,177.0,0,2200,2
39143,Writhing Mace,4,50208,21,174,0,62.0,197.0,0,2200,2
39144,Twisted Hooligan Whacker,4,49201,13,174,0,185.0,345.0,0,2600,2
39202,Rusted Pitchfork,6,7464,17,7,0,5.0,8.0,0,2100,0
39371,Keleseth's Persuader,7,8078,13,70,0,35.0,66.0,0,1300,1
39486,Hemet's Trophy Gun,3,50534,26,162,0,190.0,353.0,0,2900,3
39487,Dragon Slayer's Shortbow,2,51909,15,162,0,183.0,341.0,0,2800,3
39488,Nesingwary Brush Burner,19,56888,26,162,0,293.0,545.0,2,2200,3
39490,Dorian's Prybar,16,51910,25,162,0,226.0,421.0,0,2400,3
39784,Staff of the Dutybound,10,50133,17,158,0,282.0,424.0,0,2900,2
39802,Crusader's Greatblade,8,50331,17,158,0,321.0,482.0,0,3300,2
39806,Blade of Diligence,7,52379,13,158,0,170.0,317.0,0,2600,2
39808,Staff of Diligence,10,50136,17,158,0,169.0,311.0,0,2900,2
39818,Frigid Crossbow,18,50160,26,158,0,88.0,165.0,0,1500,2
39820,Blade of Valorous Service,15,50118,13,158,0,98.0,183.0,0,1500,2
39822,Knife of the Dutybound,15,51168,13,158,0,111.0,207.0,0,1700,2
39823,Dutybound Mace of Purity,4,50209,21,158,0,57.0,181.0,0,2200,2
39824,Cleaver of Diligence,1,50342,17,158,0,350.0,526.0,0,3600,2
39826,Bloodletter's Blade,7,51402,13,158,0,111.0,207.0,0,1700,2
39829,High-Strung Bow,2,52411,15,158,0,177.0,330.0,0,3000,2
39830,Fist of Subtlety,13,52404,22,158,0,177.0,329.0,0,2700,2
39852,Victorious Spellblade,15,52429,21,158,0,39.0,124.0,0,1500,2
39853,Thorny Bough of the Light,10,50148,17,158,0,167.0,309.0,0,2900,2
39865,Knuckle of Victory,13,50533,21,158,0,163.0,304.0,0,2500,2
41755,The Fire Extinguisher,14,50146,17,158,0,188.0,352.0,0,3100,3
41815,Icier Barbed Spear,6,60069,17,175,0,372.0,558.0,0,3200,3
41816,De-Raged Waraxe,1,53200,17,175,0,406.0,610.0,0,3500,3
41821,Chilly Slobberknocker,10,53207,17,175,0,214.0,395.0,0,3100,3
41822,Screw-Sprung Fixer-Upper,4,50603,21,175,0,68.0,216.0,0,2200,3
41824,Crimson Cranium Crusher,4,53201,13,175,0,219.0,407.0,0,2800,3
41825,Wodin's Second-Best Shanker,15,53206,13,175,0,140.0,262.0,0,1800,3
41987,Staff of the Sorrowful Chieftain,10,53255,17,175,0,360.0,541.0,0,3100,3
42786,Daschal's Serrated Blade,7,56004,13,174,0,178.0,332.0,0,2500,2
42794,Hardened Vine of the Mauler,10,50147,17,174,0,329.0,494.0,0,3100,2
42799,Snowblind Butcher,8,50326,17,174,0,371.0,557.0,0,3500,2
42807,Blade of the Inception,7,55892,13,174,0,185.0,345.0,0,2600,2
42811,Twisted Reflection,15,56140,21,174,0,50.0,161.0,0,1800,2
42819,Maker's Touch,4,50201,21,174,0,67.0,214.0,0,2400,2
42822,K3 Pachyderm Prevention Device,3,31210,26,174,0,167.0,312.0,0,2600,2
42823,Ricket's Beatstick,4,50199,13,174,0,114.0,212.0,0,1600,2
42824,Maker's Edge,1,51385,17,174,0,360.0,541.0,0,3400,2
42828,Garm's Ward,10,50142,17,174,0,150.0,278.0,0,2400,2
42831,Maiden's Dagger,15,56076,21,174,0,45.0,143.0,0,1600,2
42848,Razor-sharp Icicle,15,50125,13,174,0,128.0,239.0,0,1800,2
42857,Thorim's Riding Crop,10,50141,17,174,0,188.0,348.0,0,3000,2
42858,Crossbow of the Storms,18,56001,26,174,0,180.0,336.0,0,2800,2
42859,Thorim's Crusher,5,50316,17,174,0,350.0,525.0,0,3300,2
42861,Jormungar Fang,15,50121,13,174,0,100.0,186.0,0,1400,2
42862,Hyldnir Painbringer,13,56025,22,174,0,178.0,332.0,0,2500,2
42863,Sharpened Hyldnir Harpoon,16,56113,25,174,0,148.0,276.0,0,1600,2
42868,Hyldnir Headcracker,4,50203,13,174,0,178.0,332.0,0,2500,2
42943,Bloodied Arcanite Reaper,1,23904,17,1,0,1.0,0.0,0,3800,7
42944,Balanced Heartseeker,15,23248,13,1,0,1.0,0.0,0,1700,7
42945,Venerable Dal'Rend's Sacred Charge,7,25648,21,1,0,1.0,0.0,0,2800,7
42946,Charmed Ancient Bone Bow,2,30926,15,1,0,1.0,0.0,0,2800,7
42947,Dignified Headmaster's Charge,10,45947,17,1,0,1.0,0.0,0,2900,7
42948,Devout Aurastone Hammer,4,34109,21,1,0,1.0,0.0,0,2700,7
43185,Wand of Chilled Renewal,19,56148,26,174,0,257.0,478.0,3,1800,3
43186,Iceshrieker's Touch,19,57177,26,174,0,228.0,425.0,4,1600,3
43187,Weighted Throwing Axe,16,56150,25,174,0,202.0,376.0,0,2000,3
43188,Razor-sharp Ice Shards,16,56100,25,174,0,151.0,282.0,0,1500,3
43828,Touch of Light,19,56560,26,174,0,236.0,439.0,4,1800,2
43832,The Argent Resolve,8,50326,17,174,0,382.0,573.0,0,3600,2
43833,Blade of Echoes,7,56343,13,174,0,185.0,345.0,0,2600,2
43834,Staff of Redeemed Souls,10,50138,17,174,0,188.0,348.0,0,3000,2
43835,Hand of Gustav,4,50208,21,174,0,67.0,214.0,0,2400,2
43858,Vrykul Crusher,10,50133,17,174,0,307.0,462.0,0,2900,2
43873,Frail Bone Wand,19,56562,26,174,0,236.0,439.0,4,1800,2
43875,Axe of the Cunning,0,50073,13,174,0,185.0,345.0,0,2600,2
43880,Fair Touch of the Crusader,19,56479,26,174,0,236.0,439.0,4,1800,2
43883,Arete's Command,8,50326,17,174,0,360.0,541.0,0,3400,2
43885,Scourgehammer,5,50325,17,174,0,371.0,557.0,0,3500,2
43888,Blunt Brainwasher,4,50203,13,174,0,185.0,345.0,0,2600,2
43890,Interrogator's Flaming Knuckles,13,51152,21,174,0,178.0,332.0,0,2500,2
43893,Olakin's Enchanted Torch,19,57391,26,174,0,236.0,439.0,2,1800,2
43897,Frost Climber's Hatchet,0,51463,21,174,0,72.0,232.0,0,2600,2
43898,Icy Quick Edge,0,51463,13,174,0,114.0,212.0,0,1600,2
43899,Sapph's Cleaver,1,51385,17,174,0,382.0,573.0,0,3600,2
43900,Fleshwerk Throwing Glaive,16,56482,25,174,0,148.0,276.0,0,1600,2
43911,Vile's Poker,15,49207,13,174,0,121.0,226.0,0,1700,2
43915,Pilot's Knife,15,49206,13,174,0,100.0,186.0,0,1400,2
43916,Mace of the Final Command,4,50210,21,174,0,72.0,232.0,0,2600,2
43917,Ritualist's Bloodletter,15,56140,21,174,0,50.0,161.0,0,1800,2
43918,Shooter's Glory,18,50162,26,174,0,180.0,336.0,0,2800,2
43919,Curved Assassin's Dagger,15,49206,13,174,0,128.0,239.0,0,1800,2
43920,Growler's Intimidation,10,50145,17,174,0,307.0,462.0,0,2900,2
43921,Staff of Interrogation,10,50133,17,174,0,188.0,348.0,0,3000,2
43923,Bloodblade,7,49199,13,174,0,114.0,212.0,0,1600,2
43927,Wrought-Iron Staff,10,50141,17,174,0,188.0,348.0,0,3000,2
43928,Bow of Bone and Sinew,2,56508,15,174,0,180.0,336.0,0,2800,2
43929,Vile's Uglystick,5,50325,17,174,0,350.0,525.0,0,3300,2
44028,Vengance Shiv,15,52445,13,174,0,116.0,217.0,0,1500,3
44029,Quickblade of Cold Return,7,52571,13,174,0,124.0,231.0,0,1600,3
44050,Mastercraft Kalu'ak Fishing Pole,20,55572,17,200,0,447.0,672.0,0,3000,4
44091,Sharpened Scarlet Kris,15,3363,13,1,0,1.0,0.0,0,1500,7
44092,Reforged Truesilver Champion,8,23264,17,1,0,1.0,0.0,0,3600,7
44093,Upgraded Dwarven Hand Cannon,3,28636,26,1,0,1.0,0.0,0,2900,7
44094,The Blessed Hammer of Grace,4,21956,21,1,0,1.0,0.0,0,2700,7
44095,Grand Staff of Jordan,10,20298,17,1,0,1.0,0.0,0,3700,7
44096,Battleworn Thrash Blade,7,29769,13,1,0,1.0,0.0,0,2400,7
44393,Polished Zombie Exterminator,18,50166,26,174,0,196.0,366.0,0,2800,3
44394,Encrusted Zombie Finger,19,55296,26,174,0,257.0,478.0,4,1800,3
44395,Touch of Unlife,19,55296,26,174,0,257.0,478.0,4,1800,3
44734,Hammer of Quiet Mourning,4,57332,21,175,0,125.0,233.0,0,1600,3
44735,Crescent of Brooding Fury,0,57334,13,175,0,203.0,378.0,0,2600,3
44736,Sword of Heartwrenching Slaughter,7,52928,13,175,0,133.0,247.0,0,1700,3
44745,Blade of the Empty Void,7,57384,13,174,0,124.0,231.0,0,1600,3
44746,Knife of the Tarnished Soul,15,49373,13,174,0,140.0,260.0,0,1800,3
44747,Hammer of Wrenching Change,4,57385,21,174,0,64.0,204.0,0,2100,3
44748,Stave of Youthful Sorrow,10,50535,17,174,0,212.0,391.0,0,3100,3
45061,Foam Sword,14,58186,17,1,0,1.0,2.0,0,1500,0
45073,Spring Flowers,14,58372,13,1,0,1.0,2.0,0,2000,1
45176,Foam Sword,14,58187,17,1,0,1.0,2.0,0,1500,0
45177,Foam Sword,14,58188,17,1,0,1.0,2.0,0,1500,0
45178,Foam Sword,14,58189,17,1,0,1.0,2.0,0,1500,0
45179,Foam Sword,14,58190,17,1,0,1.0,2.0,0,1500,0
45858,Nat's Lucky Fishing Pole,20,20619,17,20,0,42.0,63.0,0,3000,3
45861,Diamond-tipped Cane,14,58588,17,6,0,5.0,9.0,0,2200,1
48716,Venerable Mass of McGowan,4,28799,13,1,1,1.0,0.0,0,2800,7
48718,Repurposed Lava Dredger,5,31265,17,1,1,1.0,0.0,0,2900,7
49778,Worn Greatsword,8,2380,17,2,1,3.0,5.0,0,2900,1
50055,Worn Dirk,15,6442,22,2,1,1.0,2.0,0,1600,1
50057,Sharp Dirk,15,37170,22,2,1,1.0,2.0,0,1600,1
